Term,Overlap,P-value,Adjusted P-value,Old P-value,Old Adjusted P-value,Odds Ratio,Combined Score,Genes,Gene group
T Cell Activation (GO:0042110),6/111,2.11E-12,1.82E-10,0,0,378.7809524,10182.95007,CD2;TRGC1;CD4;CD8A;CD7;CD3E,T genes
Enzyme-Linked Receptor Protein Signaling Pathway (GO:0007167),4/124,1.73E-07,7.44E-06,0,0,132.4733333,2062.512021,CD4;CD8A;CD7;CD3E,T genes
Transmembrane Receptor Protein Tyrosine Kinase Signaling Pathway (GO:0007169),4/284,4.74E-06,1.36E-04,0,0,56.31714286,690.3939073,CD4;CD8A;CD7;CD3E,T genes
T Cell Receptor Signaling Pathway (GO:0050852),3/95,8.54E-06,1.84E-04,0,0,108.1467391,1262.12859,TRGC1;CD8A;CD3E,T genes
Gamma-Delta T Cell Activation (GO:0046629),2/12,1.19E-05,2.04E-04,0,0,570.8857143,6475.556454,TRGC1;CD3E,T genes
Antigen Receptor-Mediated Signaling Pathway (GO:0050851),3/134,2.40E-05,3.44E-04,0,0,75.80152672,806.3834823,TRGC1;CD8A;CD3E,T genes
T Cell Differentiation (GO:0030217),2/46,1.84E-04,0.00226547362,0,0,129.525974,1113.717247,CD4;CD8A,T genes
Regulation Of T Cell Activation (GO:0050863),2/62,3.36E-04,0.003608260342,0,0,94.90952381,759.2225929,CD2;CD4,T genes
Positive Regulation Of Cell-Cell Adhesion Mediated By Integrin (GO:0033634),1/5,0.002248160552,0.02148242306,0,0,624.59375,3808.549663,CD3E,T genes
Positive Regulation Of Monocyte Differentiation (GO:0045657),1/9,0.004043466034,0.03161255263,0,0,312.234375,1720.615303,CD4,T genes
Regulation Of Cell-Cell Adhesion Mediated By Integrin (GO:0033632),1/9,0.004043466034,0.03161255263,0,0,312.234375,1720.615303,CD3E,T genes
Regulation Of Monocyte Differentiation (GO:0045655),1/15,0.006731046494,0.03851435025,0,0,178.3660714,892.01312,CD4,T genes
Alpha-Beta T Cell Activation (GO:0046631),1/15,0.006731046494,0.03851435025,0,0,178.3660714,892.01312,CD3E,T genes
Lymphocyte Mediated Immunity (GO:0002449),1/16,0.007178349711,0.03851435025,0,0,166.4666667,821.7936241,CD8A,T genes
Positive Regulation Of Cell Adhesion Mediated By Integrin (GO:0033630),1/17,0.007625473965,0.03851435025,0,0,156.0546875,760.9633552,CD3E,T genes
Regulation Of Lymphocyte Activation (GO:0051249),1/18,0.00807241931,0.03851435025,0,0,146.8676471,707.7995527,CD4,T genes
Regulation Of Lymphocyte Differentiation (GO:0045619),1/19,0.0085191858,0.03851435025,0,0,138.7013889,660.9723846,CD2,T genes
Positive Regulation Of Cytokine Production (GO:0001819),2/320,0.008529578763,0.03851435025,0,0,17.67565139,84.21060883,CD2;CD4,T genes
T Cell Mediated Immunity (GO:0002456),1/20,0.008965773496,0.03851435025,0,0,131.3947368,619.4395814,CD8A,T genes
Macrophage Differentiation (GO:0030225),1/21,0.009412182451,0.03851435025,0,0,124.81875,582.3731357,CD4,T genes
Natural Killer Cell Mediated Immunity (GO:0002228),1/22,0.009858412726,0.03851435025,0,0,118.8690476,549.1072571,CD2,T genes
Positive Regulation Of Viral Life Cycle (GO:1903902),1/22,0.009858412726,0.03851435025,0,0,118.8690476,549.1072571,CD4,T genes
Adaptive Immune Response Based On Somatic Recombination Of Immune Receptors Built From Immunoglobulin Superfamily Domains (GO:0002460),1/23,0.01030446438,0.03851435025,0,0,113.4602273,519.1007406,CD8A,T genes
Natural Killer Cell Mediated Cytotoxicity (GO:0042267),1/24,0.01075033746,0.03851435025,0,0,108.5217391,491.9093069,CD2,T genes
Positive Regulation Of Interleukin-2 Production (GO:0032743),1/25,0.01119603205,0.03851435025,0,0,103.9947917,467.164971,CD4,T genes
Heterotypic Cell-Cell Adhesion (GO:0034113),1/29,0.01297702652,0.04292401081,0,0,89.12053571,387.1908225,CD2,T genes
Regulation Of Metal Ion Transport (GO:0010959),1/34,0.01519926046,0.04841245923,0,0,75.59848485,316.4936999,CD4,T genes
Regulation Of T Cell Mediated Cytotoxicity (GO:0001914),1/36,0.01608690829,0.04940978973,0,0,71.27142857,294.3331456,CD1A,T genes
Positive Regulation Of Myeloid Leukocyte Differentiation (GO:0002763),1/40,0.01786007107,0.05006220817,0,0,63.94871795,257.4055945,CD4,T genes
Positive Regulation Of Cell-Matrix Adhesion (GO:0001954),1/43,0.01918807882,0.05006220817,0,0,59.37202381,234.7252827,CD3E,T genes
Positive Regulation Of T Cell Mediated Immunity (GO:0002711),1/43,0.01918807882,0.05006220817,0,0,59.37202381,234.7252827,CD1A,T genes
Regulation Of Viral Entry Into Host Cell (GO:0046596),1/44,0.01963039329,0.05006220817,0,0,57.98837209,227.9335161,CD4,T genes
Natural Killer Cell Activation (GO:0030101),1/45,0.02007253046,0.05006220817,0,0,56.66761364,221.4798735,CD2,T genes
Positive Regulation Of Cell-Cell Adhesion (GO:0022409),1/46,0.02051449041,0.05006220817,0,0,55.40555556,215.3405505,CD3E,T genes
Regulation Of T Cell Differentiation (GO:0045580),1/47,0.02095627319,0.05006220817,0,0,54.19836957,209.4938923,CD2,T genes
Regulation Of Interleukin-2 Production (GO:0032663),1/47,0.02095627319,0.05006220817,0,0,54.19836957,209.4938923,CD4,T genes
Positive Regulation Of Leukocyte Mediated Cytotoxicity (GO:0001912),1/51,0.02272163384,0.05281244623,0,0,49.8525,188.6636842,CD1A,T genes
Regulation Of Calcium Ion Transport (GO:0051924),1/57,0.02536437025,0.05690158741,0,0,44.49776786,163.5030359,CD4,T genes
Positive Regulation Of Type II Interferon Production (GO:0032729),1/58,0.02580420824,0.05690158741,0,0,43.71491228,159.8749505,CD2,T genes
Positive Regulation Of Interleukin-8 Production (GO:0032757),1/61,0.02712266388,0.05831372734,0,0,41.52291667,149.7891714,CD2,T genes
Positive Regulation Of T Cell Proliferation (GO:0042102),1/65,0.02887813758,0.05913142456,0,0,38.91992188,137.9582972,CD3E,T genes
Regulation Of Cell-Matrix Adhesion (GO:0001952),1/65,0.02887813758,0.05913142456,0,0,38.91992188,137.9582972,CD3E,T genes
Positive Regulation Of Cell-Substrate Adhesion (GO:0010811),1/71,0.03150606937,0.06158004467,0,0,35.57321429,122.997059,CD3E,T genes
Myeloid Leukocyte Differentiation (GO:0002573),1/71,0.03150606937,0.06158004467,0,0,35.57321429,122.997059,CD4,T genes
Positive Regulation Of Lymphocyte Proliferation (GO:0050671),1/74,0.03281766342,0.0627182012,0,0,34.10616438,116.5335465,CD3E,T genes
Regulation Of T Cell Proliferation (GO:0042129),1/77,0.03412767845,0.06324476508,0,0,32.75493421,110.6345902,CD3E,T genes
Positive Regulation Of Tumor Necrosis Factor Production (GO:0032760),1/78,0.03456399952,0.06324476508,0,0,32.32792208,108.7816026,CD2,T genes
Regulation Of Interleukin-8 Production (GO:0032677),1/81,0.03587191178,0.06372342423,0,0,31.1109375,103.5309993,CD2,T genes
Positive Regulation Of Tumor Necrosis Factor Superfamily Cytokine Production (GO:1903557),1/82,0.03630753241,0.06372342423,0,0,30.72530864,101.8768293,CD2,T genes
Regulation Of Kinase Activity (GO:0043549),1/85,0.03761334483,0.0646949531,0,0,29.6235119,97.17686109,CD4,T genes
Regulation Of Type II Interferon Production (GO:0032649),1/87,0.03848301248,0.06489292301,0,0,28.93168605,94.24607739,CD2,T genes
Lymphocyte Differentiation (GO:0030098),1/91,0.04022025248,0.06651810987,0,0,27.64027778,88.81884343,CD4,T genes
Positive Regulation Of Kinase Activity (GO:0033674),1/104,0.04584703106,0.07439329568,0,0,24.13592233,74.39764914,CD4,T genes
Positive Regulation Of T Cell Activation (GO:0050870),1/107,0.04714134689,0.07507695986,0,0,23.44929245,71.62832151,CD3E,T genes
Regulation Of Protein Kinase Activity (GO:0045859),1/119,0.0523030182,0.08178290118,0,0,21.05190678,62.1178866,CD4,T genes
Protein-Containing Complex Organization (GO:0043933),1/126,0.05530250201,0.08408432756,0,0,19.866,57.51082097,CD3E,T genes
Regulation Of Tumor Necrosis Factor Production (GO:0032680),1/127,0.05573031013,0.08408432756,0,0,19.70734127,56.89964886,CD2,T genes
Positive Regulation Of Transferase Activity (GO:0051347),1/143,0.06255186026,0.09241569701,0,0,17.47271127,48.43014999,CD4,T genes
Positive Regulation Of Protein Kinase Activity (GO:0045860),1/145,0.06340146656,0.09241569701,0,0,17.22829861,47.52026968,CD4,T genes
Positive Regulation Of I-kappaB kinase/NF-kappaB Signaling (GO:0043123),1/175,0.07606369104,0.1090246238,0,0,14.23635057,36.67546212,CD4,T genes
Positive Regulation Of ERK1 And ERK2 Cascade (GO:0070374),1/179,0.07774043839,0.1096012738,0,0,13.9136236,35.54067787,CD4,T genes
Negative Regulation Of Macromolecule Metabolic Process (GO:0010605),1/186,0.08066823881,0.1118946538,0,0,13.38243243,33.68907394,CD3E,T genes
Regulation Of Signal Transduction (GO:0009966),1/193,0.08358777456,0.1134399293,0,0,12.88997396,31.99108508,CD3E,T genes
Regulation Of Programmed Cell Death (GO:0043067),1/195,0.08442041249,0.1134399293,0,0,12.75579897,31.53164691,CD3E,T genes
Regulation Of MAPK Cascade (GO:0043408),1/204,0.08815896756,0.1166410955,0,0,12.18472906,29.59199926,CD4,T genes
Positive Regulation Of Protein Modification Process (GO:0031401),1/225,0.09682954416,0.1242680138,0,0,11.03069196,25.75449405,CD4,T genes
Apoptotic Process (GO:0006915),1/228,0.09806219638,0.1242680138,0,0,10.88325991,25.27259841,CD2,T genes
Positive Regulation Of Phosphorylation (GO:0042327),1/231,0.09929335299,0.1242680138,0,0,10.73967391,24.80517405,CD4,T genes
Regulation Of I-kappaB kinase/NF-kappaB Signaling (GO:0043122),1/232,0.09970340644,0.1242680138,0,0,10.69264069,24.65247587,CD4,T genes
Regulation Of ERK1 And ERK2 Cascade (GO:0070372),1/244,0.1046111209,0.1285222343,0,0,10.15843621,22.93272475,CD4,T genes
Cytokine-Mediated Signaling Pathway (GO:0019221),1/257,0.1099009631,0.1327239717,0,0,9.636230469,21.27848952,CD4,T genes
Cellular Component Assembly (GO:0022607),1/260,0.1111177437,0.1327239717,0,0,9.523166023,20.92396599,CD3E,T genes
Regulation Of Protein Phosphorylation (GO:0001932),1/265,0.113142426,0.1332910772,0,0,9.340435606,20.35381652,CD4,T genes
Cellular Response To Cytokine Stimulus (GO:0071345),1/308,0.130386188,0.1504207873,0,0,8.01465798,16.32789848,CD4,T genes
Positive Regulation Of MAPK Cascade (GO:0043410),1/310,0.1311809192,0.1504207873,0,0,7.96197411,16.17218542,CD4,T genes
Protein-Containing Complex Assembly (GO:0065003),1/328,0.1383045,0.1565024605,0,0,7.516819572,14.87050539,CD3E,T genes
Negative Regulation Of Gene Expression (GO:0010629),1/336,0.1414538361,0.1579874013,0,0,7.334328358,14.34434637,CD3E,T genes
Positive Regulation Of Macromolecule Metabolic Process (GO:0010604),1/364,0.1523960991,0.1680264682,0,0,6.758953168,12.71543092,CD3E,T genes
Positive Regulation Of Protein Phosphorylation (GO:0001934),1/377,0.1574341621,0.1713840245,0,0,6.520944149,12.05558198,CD4,T genes
Positive Regulation Of Gene Expression (GO:0010628),1/480,0.1964195649,0.2111510323,0,0,5.091858038,8.287010516,CD3E,T genes
Positive Regulation Of Intracellular Signal Transduction (GO:1902533),1/525,0.2129426259,0.2260872325,0,0,4.64384542,7.182786689,CD4,T genes
Positive Regulation Of Nucleic Acid-Templated Transcription (GO:1903508),1/557,0.2245079185,0.2354595242,0,0,4.369379496,6.527172659,CD4,T genes
Regulation Of Apoptotic Process (GO:0042981),1/705,0.2760562901,0.2860342282,0,0,3.424538352,4.4078962,CD3E,T genes
Regulation Of Gene Expression (GO:0010468),1/1127,0.4067302296,0.4164142827,0,0,2.094249556,1.883997664,CD3E,T genes
Positive Regulation Of DNA-templated Transcription (GO:0045893),1/1243,0.4387593959,0.4439212712,0,0,1.886976651,1.554499081,CD4,T genes
Regulation Of DNA-templated Transcription (GO:0006355),1/1922,0.5972819294,0.5972819294,0,0,1.175819885,0.6059776305,CD4,T genes
B Cell Receptor Signaling Pathway (GO:0050853),4/46,8.52E-10,5.46E-08,0,0,633.3650794,13226.4754,CD79A;IGHM;CD19;MS4A1,B genes
Antigen Receptor-Mediated Signaling Pathway (GO:0050851),4/134,6.64E-08,2.12E-06,0,0,203.7230769,3367.11174,CD79A;IGHM;CD19;MS4A1,B genes
B Cell Proliferation (GO:0042100),3/31,1.18E-07,2.51E-06,0,0,534.7767857,8533.330719,CD79A;CD19;MS4A1,B genes
B Cell Activation (GO:0042113),3/92,3.25E-06,5.20E-05,0,0,167.7303371,2119.432829,CD79A;MS4A1;CD22,B genes
Regulation Of B Cell Activation (GO:0050864),2/25,3.14E-05,4.02E-04,0,0,347.3043478,3601.323532,CD19;CD22,B genes
Lymphocyte Proliferation (GO:0046651),2/38,7.34E-05,7.83E-04,0,0,221.7444444,2110.994891,CD79A;MS4A1,B genes
B Cell Differentiation (GO:0030183),2/68,2.37E-04,0.002162974423,0,0,120.769697,1008.335655,CD79A;MS4A1,B genes
Lymphocyte Differentiation (GO:0030098),2/91,4.24E-04,0.003389177448,0,0,89.45617978,694.7712219,CD79A;MS4A1,B genes
Bradykinin Catabolic Process (GO:0010815),1/5,0.001748916515,0.01243673966,0,0,832.875,5287.7225,MME,B genes
Store-Operated Calcium Entry (GO:0002115),1/7,0.00244775346,0.01566562214,0,0,555.1944444,3338.153583,MS4A1,B genes
Negative Regulation Of Production Of Molecular Mediator Of Immune Response (GO:0002701),1/8,0.002797015027,0.01627354198,0,0,475.8571429,2797.6605,CD22,B genes
Cellular Response To UV-A (GO:0071492),1/10,0.003495224297,0.01864119625,0,0,370.0740741,2093.271349,MME,B genes
Cellular Response To UV-B (GO:0071493),1/11,0.003844172005,0.01882051944,0,0,333.05,1852.156675,MME,B genes
Response To UV-A (GO:0070141),1/13,0.004541753609,0.01882051944,0,0,277.5138889,1497.032601,MME,B genes
B Cell Mediated Immunity (GO:0019724),1/15,0.005238916894,0.01882051944,0,0,237.8452381,1249.077685,CD19,B genes
Amyloid-Beta Metabolic Process (GO:0050435),1/15,0.005238916894,0.01882051944,0,0,237.8452381,1249.077685,MME,B genes
B Cell Activation Involved In Immune Response (GO:0002312),1/16,0.005587341708,0.01882051944,0,0,221.9777778,1151.454594,CD19,B genes
Response To UV-B (GO:0010224),1/16,0.005587341708,0.01882051944,0,0,221.9777778,1151.454594,MME,B genes
Regulation Of B Cell Receptor Signaling Pathway (GO:0050855),1/16,0.005587341708,0.01882051944,0,0,221.9777778,1151.454594,CD22,B genes
Regulation Of Lymphocyte Activation (GO:0051249),1/18,0.006283877774,0.0191508656,0,0,195.8431373,992.8792721,CD19,B genes
Regulation Of Lymphocyte Proliferation (GO:0050670),1/18,0.006283877774,0.0191508656,0,0,195.8431373,992.8792721,CD22,B genes
Sensory Perception Of Pain (GO:0019233),1/20,0.006979995894,0.0203054426,0,0,175.2105263,869.8689178,MME,B genes
Peptide Catabolic Process (GO:0043171),1/21,0.007327898277,0.02039067347,0,0,166.4416667,818.2383072,MME,B genes
Immune Response-Activating Cell Surface Receptor Signaling Pathway (GO:0002429),1/23,0.008023389804,0.02139570614,0,0,151.2954545,730.0602206,CD19,B genes
Negative Regulation Of Antigen Receptor-Mediated Signaling Pathway (GO:0050858),1/24,0.008370978992,0.02142970622,0,0,144.7101449,692.1463711,CD22,B genes
Positive Regulation Of Phosphatidylinositol 3-Kinase Activity (GO:0043552),1/26,0.009065844334,0.02231592451,0,0,133.12,626.0954814,CD19,B genes
Regulation Of Calcium-Mediated Signaling (GO:0050848),1/30,0.01045432355,0.02307161059,0,0,114.7356322,523.2793469,CD22,B genes
Immunoglobulin Mediated Immune Response (GO:0016064),1/30,0.01045432355,0.02307161059,0,0,114.7356322,523.2793469,CD19,B genes
Positive Regulation Of Lipid Kinase Activity (GO:0090218),1/30,0.01045432355,0.02307161059,0,0,114.7356322,523.2793469,CD19,B genes
Positive Regulation Of Release Of Sequestered Calcium Ion Into Cytosol (GO:0051281),1/33,0.01149458869,0.02437515614,0,0,103.9635417,464.2885874,CD19,B genes
Regulation Of Phosphatidylinositol 3-Kinase Activity (GO:0043551),1/34,0.01184113543,0.02437515614,0,0,100.8080808,447.2023641,CD19,B genes
Positive Regulation Of Cell Development (GO:0010720),1/35,0.01218757807,0.02437515614,0,0,97.83823529,431.2061759,MME,B genes
Positive Regulation Of Calcium Ion Transmembrane Transport (GO:1904427),1/42,0.01460976353,0.02833408685,0,0,81.10569106,342.7579416,CD19,B genes
Regulation Of B Cell Proliferation (GO:0030888),1/44,0.01530088096,0.02880165828,0,0,77.3255814,323.208935,CD22,B genes
Positive Regulation Of Nervous System Development (GO:0051962),1/49,0.01702685745,0.02983835241,0,0,69.25347222,282.0668529,MME,B genes
Antibacterial Humoral Response (GO:0019731),1/49,0.01702685745,0.02983835241,0,0,69.25347222,282.0668529,IGHM,B genes
Sensory Perception (GO:0007600),1/51,0.01771652175,0.02983835241,0,0,66.47666667,268.1175239,MME,B genes
Regulation Of Release Of Sequestered Calcium Ion Into Cytosol (GO:0051279),1/51,0.01771652175,0.02983835241,0,0,66.47666667,268.1175239,CD19,B genes
Peptide Metabolic Process (GO:0006518),1/56,0.01943886852,0.03189968168,0,0,60.41818182,238.0766785,MME,B genes
Renal System Development (GO:0072001),1/58,0.02012708218,0.03220333149,0,0,58.29239766,227.6719762,MME,B genes
Regulation Of Endocytosis (GO:0030100),1/66,0.0228757988,0.03538121642,0,0,51.0974359,193.0295444,CD22,B genes
Regulation Of Neurogenesis (GO:0050767),1/67,0.02321892327,0.03538121642,0,0,50.32070707,189.3461363,MME,B genes
Kidney Development (GO:0001822),1/71,0.0245903887,0.03611854391,0,0,47.43571429,175.7682775,MME,B genes
Protein Tetramerization (GO:0051262),1/73,0.0252755023,0.03611854391,0,0,46.11342593,169.6014749,MS4A1,B genes
Positive Regulation Of Neurogenesis (GO:0050769),1/75,0.02596020344,0.03611854391,0,0,44.86261261,163.8019472,MME,B genes
Defense Response To Gram-negative Bacterium (GO:0050829),1/75,0.02596020344,0.03611854391,0,0,44.86261261,163.8019472,IGHM,B genes
Regulation Of Immune Response (GO:0050776),1/77,0.0266444923,0.03628186186,0,0,43.67763158,158.3389627,CD22,B genes
Cellular Response To UV (GO:0034644),1/79,0.02732836911,0.03643782548,0,0,42.5534188,153.1850717,MME,B genes
Cellular Response To Organic Substance (GO:0071310),1/82,0.02835341216,0.03703302813,0,0,40.97119342,145.9806857,MME,B genes
Regulation Of Vesicle-Mediated Transport (GO:0060627),1/89,0.03074157946,0.03900528337,0,0,37.69886364,131.2726894,CD22,B genes
Regulation Of Peptidyl-Tyrosine Phosphorylation (GO:0050730),1/90,0.03108233518,0.03900528337,0,0,37.27340824,129.3803096,CSPG4,B genes
Antimicrobial Humoral Response (GO:0019730),1/100,0.0344842492,0.04164135753,0,0,33.49158249,112.7746184,IGHM,B genes
Protein Complex Oligomerization (GO:0051259),1/100,0.0344842492,0.04164135753,0,0,33.49158249,112.7746184,MS4A1,B genes
Calcium Ion Transport (GO:0006816),1/112,0.03855302823,0.0456924779,0,0,29.85285285,97.19254886,MS4A1,B genes
Protein Processing (GO:0016485),1/117,0.04024401031,0.04599315464,0,0,28.55890805,91.75389123,MME,B genes
Protein Maturation (GO:0051604),1/117,0.04024401031,0.04599315464,0,0,28.55890805,91.75389123,MME,B genes
Response To Cytokine (GO:0034097),1/125,0.04294427952,0.04821813841,0,0,26.70564516,84.06541396,MME,B genes
Positive Regulation Of Peptidyl-Tyrosine Phosphorylation (GO:0050731),1/130,0.04462863895,0.0492453947,0,0,25.66408269,79.79937252,CSPG4,B genes
Regulation Of Cellular Component Organization (GO:0051128),1/153,0.05234400802,0.0567799409,0,0,21.75548246,64.17688512,CD22,B genes
Defense Response To Bacterium (GO:0042742),1/204,0.06926172588,0.07387917427,0,0,16.24794745,43.37979083,IGHM,B genes
Negative Regulation Of Intracellular Signal Transduction (GO:1902532),1/231,0.07811288326,0.08195450047,0,0,14.32101449,36.51286252,CD22,B genes
Cellular Response To Cytokine Stimulus (GO:0071345),1/308,0.1029599336,0.1062812218,0,0,10.68729642,24.29666384,MME,B genes
Proteolysis (GO:0006508),1/330,0.1099527592,0.1116980411,0,0,9.961499493,21.99204693,MME,B genes
Positive Regulation Of Protein Phosphorylation (GO:0001934),1/377,0.1247355977,0.1247355977,0,0,8.695478723,18.100152,CSPG4,B genes
Phagocytosis (GO:0006909),4/69,2.29E-07,8.12E-05,0,0,102.1487179,1561.899292,ITGAM;ITGB3;CD36;CD14,M genes
Megakaryocyte Development (GO:0035855),2/10,2.69E-05,0.004716850233,0,0,356.7142857,3753.851029,KIT;GP1BA,M genes
Integrin-Mediated Signaling Pathway (GO:0007229),3/85,3.99E-05,0.004716850233,0,0,56.00938086,567.3817227,ITGAM;ITGB3;ITGA2B,M genes
Megakaryocyte Differentiation (GO:0030219),2/17,8.10E-05,0.005571399395,0,0,190.1809524,1791.632979,KIT;GP1BA,M genes
Cell-Matrix Adhesion (GO:0007160),3/109,8.37E-05,0.005571399395,0,0,43.27576197,406.2653195,ITGAM;ITGB3;ITGA2B,M genes
Receptor-Mediated Endocytosis (GO:0006898),3/122,1.17E-04,0.005571399395,0,0,38.52294764,348.754897,ITGAM;TFRC;CD36,M genes
Regulation Of Tumor Necrosis Factor Production (GO:0032680),3/127,1.32E-04,0.005571399395,0,0,36.96029777,330.2082095,FCGR3A;CD14;CD33,M genes
Oligosaccharide Biosynthetic Process (GO:0009312),2/22,1.37E-04,0.005571399395,0,0,142.6,1268.176179,FUT4;FUT3,M genes
Positive Regulation Of Peptidyl-Tyrosine Phosphorylation (GO:0050731),3/130,1.41E-04,0.005571399395,0,0,36.08176863,319.8649594,ITGB3;KIT;FCGR1A,M genes
Carbohydrate Biosynthetic Process (GO:0016051),2/25,1.78E-04,0.005684376814,0,0,123.9813665,1070.365111,FUT4;FUT3,M genes
Fc Receptor Signaling Pathway (GO:0038093),2/26,1.93E-04,0.005684376814,0,0,118.8095238,1016.2607,FCGR3A;KIT,M genes
Plasma Membrane Invagination (GO:0099024),2/26,1.93E-04,0.005684376814,0,0,118.8095238,1016.2607,ITGAM;CD36,M genes
Myeloid Cell Development (GO:0061515),2/27,2.08E-04,0.005684376814,0,0,114.0514286,966.8370222,KIT;GP1BA,M genes
"Phagocytosis, Engulfment (GO:0006911)",2/30,2.58E-04,0.006096912163,0,0,101.8163265,841.4142386,ITGAM;CD36,M genes
Regulation Of Macrophage Derived Foam Cell Differentiation (GO:0010743),2/30,2.58E-04,0.006096912163,0,0,101.8163265,841.4142386,ITGB3;CD36,M genes
Macrophage Activation (GO:0042116),2/35,3.52E-04,0.007341215279,0,0,86.36796537,686.8978438,FCGR3A;ITGAM,M genes
Platelet Aggregation (GO:0070527),2/35,3.52E-04,0.007341215279,0,0,86.36796537,686.8978438,ITGB3;GP1BA,M genes
Endocytosis (GO:0006897),3/189,4.25E-04,0.008378115984,0,0,24.56327543,190.7062798,ITGAM;CD36;CD14,M genes
Regulation Of Cell-Cell Adhesion (GO:0022407),2/43,5.32E-04,0.009931496831,0,0,69.48780488,523.9187926,FUT4;FUT3,M genes
Homotypic Cell-Cell Adhesion (GO:0034109),2/46,6.08E-04,0.01068943795,0,0,64.74025974,479.3813606,ITGB3;GP1BA,M genes
Oligosaccharide Metabolic Process (GO:0009311),2/48,6.62E-04,0.01068943795,0,0,61.91925466,453.2225955,FUT4;FUT3,M genes
Positive Regulation Of Reactive Oxygen Species Metabolic Process (GO:2000379),2/48,6.62E-04,0.01068943795,0,0,61.91925466,453.2225955,ITGAM;CD36,M genes
Receptor Internalization (GO:0031623),2/51,7.48E-04,0.01154100281,0,0,58.11953353,418.3718752,TFRC;CD36,M genes
Positive Regulation Of DNA-binding Transcription Factor Activity (GO:0051091),3/246,9.14E-04,0.01352538144,0,0,18.74738841,131.1801863,TFRC;KIT;CD36,M genes
Second-Messenger-Mediated Signaling (GO:0019932),2/72,0.001484374294,0.02107811497,0,0,40.64081633,264.683962,FCGR3A;CD36,M genes
Positive Regulation Of Lymphocyte Proliferation (GO:0050671),2/74,0.001567120651,0.02139722428,0,0,39.50793651,255.1626133,FCGR3A;TFRC,M genes
Regulation Of Immune Response (GO:0050776),2/77,0.001695294319,0.02204926364,0,0,37.92190476,241.937919,FCGR3A;FCGR1A,M genes
Positive Regulation Of Tumor Necrosis Factor Production (GO:0032760),2/78,0.001739096851,0.02204926364,0,0,37.42105263,237.7879384,FCGR3A;CD14,M genes
Regulation Of Interleukin-8 Production (GO:0032677),2/81,0.00187372746,0.02271616687,0,0,35.99457505,226.0396516,CD14;CD33,M genes
Positive Regulation Of Tumor Necrosis Factor Superfamily Cytokine Production (GO:1903557),2/82,0.001919676073,0.02271616687,0,0,35.54285714,222.3418552,FCGR3A;CD14,M genes
Regulation Of Interleukin-1 Beta Production (GO:0032651),2/84,0.002013176255,0.0228611821,0,0,34.67247387,215.2481594,CD36;CD33,M genes
Transport Across Blood-Brain Barrier (GO:0150104),2/85,0.002060726274,0.0228611821,0,0,34.25301205,211.8444939,TFRC;CD36,M genes
Regulation Of Cell Population Proliferation (GO:0042127),4/766,0.002687823898,0.0284734081,0,0,8.408573928,49.77054561,TFRC;KIT;CD33;FUT3,M genes
Positive Regulation Of Protein-Containing Complex Assembly (GO:0031334),2/98,0.002727030635,0.0284734081,0,0,29.5952381,174.7463246,TFRC;CD36,M genes
Regulation Of Protein-Containing Complex Assembly (GO:0043254),2/119,0.003989093972,0.03490841298,0,0,24.25763126,134.0037919,TFRC;CD36,M genes
Cholesterol Import (GO:0070508),1/5,0.003993945449,0.03490841298,0,0,333,1839.150909,CD36,M genes
Natural Killer Cell Degranulation (GO:0043320),1/5,0.003993945449,0.03490841298,0,0,333,1839.150909,FCGR3A,M genes
Positive Regulation Of Vascular Associated Smooth Muscle Cell Differentiation (GO:1905065),1/5,0.003993945449,0.03490841298,0,0,333,1839.150909,KIT,M genes
Regulation Of Response To External Stimulus (GO:0032101),2/127,0.00452899838,0.03490841298,0,0,22.696,122.4960875,GP1BA;CD36,M genes
Lymphocyte Migration Into Lymphoid Organs (GO:0097021),1/6,0.004790942275,0.03490841298,0,0,266.3866667,1422.778691,FUT4,M genes
Positive Regulation Of Leukocyte Tethering Or Rolling (GO:1903238),1/6,0.004790942275,0.03490841298,0,0,266.3866667,1422.778691,FUT4,M genes
Negative Regulation Of Low-Density Lipoprotein Receptor Activity (GO:1905598),1/6,0.004790942275,0.03490841298,0,0,266.3866667,1422.778691,ITGB3,M genes
Cellular Response To Bacterial Lipopeptide (GO:0071221),1/6,0.004790942275,0.03490841298,0,0,266.3866667,1422.778691,CD36,M genes
Regulation Of Vascular Associated Smooth Muscle Cell Differentiation (GO:1905063),1/6,0.004790942275,0.03490841298,0,0,266.3866667,1422.778691,KIT,M genes
Smooth Muscle Cell Migration (GO:0014909),1/6,0.004790942275,0.03490841298,0,0,266.3866667,1422.778691,ITGB3,M genes
Positive Regulation Of Isomerase Activity (GO:0010912),1/7,0.005587341708,0.03490841298,0,0,221.9777778,1151.454594,ITGAM,M genes
Regulation Of Dopamine Metabolic Process (GO:0042053),1/7,0.005587341708,0.03490841298,0,0,221.9777778,1151.454594,ITGAM,M genes
Negative Regulation Of Mitochondrial Fusion (GO:0010637),1/7,0.005587341708,0.03490841298,0,0,221.9777778,1151.454594,TFRC,M genes
Regulation Of Lipoprotein Metabolic Process (GO:0050746),1/7,0.005587341708,0.03490841298,0,0,221.9777778,1151.454594,ITGB3,M genes
"Blood Coagulation, Intrinsic Pathway (GO:0007597)",1/7,0.005587341708,0.03490841298,0,0,221.9777778,1151.454594,GP1BA,M genes
Positive Regulation Of Protein Kinase Activity (GO:0045860),2/145,0.005860305186,0.03490841298,0,0,19.82117882,101.8720109,ITGB3;FCGR1A,M genes
Protein Glycosylation (GO:0006486),2/147,0.006018049774,0.03490841298,0,0,19.54581281,99.93758511,FUT4;FUT3,M genes
Synapse Pruning (GO:0098883),1/8,0.006383144071,0.03490841298,0,0,190.2571429,961.5775797,ITGAM,M genes
Mesodermal Cell Differentiation (GO:0048333),1/8,0.006383144071,0.03490841298,0,0,190.2571429,961.5775797,ITGB3,M genes
Fucose Catabolic Process (GO:0019317),1/8,0.006383144071,0.03490841298,0,0,190.2571429,961.5775797,FUT4,M genes
L-fucose Catabolic Process (GO:0042355),1/8,0.006383144071,0.03490841298,0,0,190.2571429,961.5775797,FUT4,M genes
L-fucose Metabolic Process (GO:0042354),1/8,0.006383144071,0.03490841298,0,0,190.2571429,961.5775797,FUT4,M genes
Detection Of Mechanical Stimulus Involved In Sensory Perception Of Sound (GO:0050910),1/8,0.006383144071,0.03490841298,0,0,190.2571429,961.5775797,KIT,M genes
Regulation Of Neutrophil Migration (GO:1902622),1/8,0.006383144071,0.03490841298,0,0,190.2571429,961.5775797,FUT4,M genes
Positive Regulation Of Dendritic Cell Cytokine Production (GO:0002732),1/8,0.006383144071,0.03490841298,0,0,190.2571429,961.5775797,KIT,M genes
Regulation Of Pattern Recognition Receptor Signaling Pathway (GO:0062207),1/8,0.006383144071,0.03490841298,0,0,190.2571429,961.5775797,CD36,M genes
Positive Regulation Of NF-kappaB Transcription Factor Activity (GO:0051092),2/152,0.006420898596,0.03490841298,0,0,18.88952381,95.35804126,TFRC;CD36,M genes
Regulation Of Cellular Component Organization (GO:0051128),2/153,0.006502917527,0.03490841298,0,0,18.76348155,94.48359302,TFRC;CD36,M genes
Negative Regulation Of Lipid Localization (GO:1905953),1/9,0.007178349711,0.03490841298,0,0,166.4666667,821.7936241,ITGB3,M genes
Transferrin Transport (GO:0033572),1/9,0.007178349711,0.03490841298,0,0,166.4666667,821.7936241,TFRC,M genes
Cellular Response To Oxidised Low-Density Lipoprotein Particle Stimulus (GO:0140052),1/9,0.007178349711,0.03490841298,0,0,166.4666667,821.7936241,CD36,M genes
Positive Regulation Of Platelet Activation (GO:0010572),1/9,0.007178349711,0.03490841298,0,0,166.4666667,821.7936241,GP1BA,M genes
Muscle Cell Migration (GO:0014812),1/9,0.007178349711,0.03490841298,0,0,166.4666667,821.7936241,ITGB3,M genes
Intestinal Cholesterol Absorption (GO:0030299),1/9,0.007178349711,0.03490841298,0,0,166.4666667,821.7936241,CD36,M genes
Ectoderm Development (GO:0007398),1/9,0.007178349711,0.03490841298,0,0,166.4666667,821.7936241,ITGAM,M genes
Positive Regulation Of Vascular Endothelial Growth Factor Receptor Signaling Pathway (GO:0030949),1/9,0.007178349711,0.03490841298,0,0,166.4666667,821.7936241,ITGB3,M genes
Lipid Import Into Cell (GO:0140354),1/9,0.007178349711,0.03490841298,0,0,166.4666667,821.7936241,CD36,M genes
Long-Chain Fatty Acid Import Into Cell (GO:0044539),1/9,0.007178349711,0.03490841298,0,0,166.4666667,821.7936241,CD36,M genes
Regulation Of Coagulation (GO:0050818),1/10,0.007972958997,0.0349693839,0,0,147.962963,714.9125872,GP1BA,M genes
Mast Cell Activation Involved In Immune Response (GO:0002279),1/10,0.007972958997,0.0349693839,0,0,147.962963,714.9125872,KIT,M genes
Mast Cell Degranulation (GO:0043303),1/10,0.007972958997,0.0349693839,0,0,147.962963,714.9125872,KIT,M genes
Regulation Of Lipid Transport (GO:0032368),1/10,0.007972958997,0.0349693839,0,0,147.962963,714.9125872,ITGB3,M genes
Angiogenesis Involved In Wound Healing (GO:0060055),1/10,0.007972958997,0.0349693839,0,0,147.962963,714.9125872,ITGB3,M genes
Epithelial Cell-Cell Adhesion (GO:0090136),1/11,0.008766972301,0.0349693839,0,0,133.16,630.7474631,KIT,M genes
Mast Cell Mediated Immunity (GO:0002448),1/11,0.008766972301,0.0349693839,0,0,133.16,630.7474631,KIT,M genes
Melanocyte Differentiation (GO:0030318),1/11,0.008766972301,0.0349693839,0,0,133.16,630.7474631,KIT,M genes
Regulation Of Leukocyte Cell-Cell Adhesion (GO:1903037),1/11,0.008766972301,0.0349693839,0,0,133.16,630.7474631,FUT4,M genes
Regulation Of Leukocyte Tethering Or Rolling (GO:1903236),1/11,0.008766972301,0.0349693839,0,0,133.16,630.7474631,FUT4,M genes
Regulation Of Mitochondrial Fusion (GO:0010635),1/11,0.008766972301,0.0349693839,0,0,133.16,630.7474631,TFRC,M genes
Intestinal Absorption (GO:0050892),1/11,0.008766972301,0.0349693839,0,0,133.16,630.7474631,CD36,M genes
Intestinal Lipid Absorption (GO:0098856),1/11,0.008766972301,0.0349693839,0,0,133.16,630.7474631,CD36,M genes
Digestive System Development (GO:0055123),1/11,0.008766972301,0.0349693839,0,0,133.16,630.7474631,KIT,M genes
Lipoprotein Transport (GO:0042953),1/11,0.008766972301,0.0349693839,0,0,133.16,630.7474631,CD36,M genes
Regulation Of Phospholipase C Activity (GO:1900274),1/11,0.008766972301,0.0349693839,0,0,133.16,630.7474631,KIT,M genes
Fatty Acid Transmembrane Transport (GO:1902001),1/12,0.009560390013,0.03535352557,0,0,121.0484848,562.8907982,CD36,M genes
Fibrinolysis (GO:0042730),1/12,0.009560390013,0.03535352557,0,0,121.0484848,562.8907982,GP1BA,M genes
Negative Regulation Of Macrophage Derived Foam Cell Differentiation (GO:0010745),1/12,0.009560390013,0.03535352557,0,0,121.0484848,562.8907982,ITGB3,M genes
Positive Regulation Of Myeloid Leukocyte Mediated Immunity (GO:0002888),1/12,0.009560390013,0.03535352557,0,0,121.0484848,562.8907982,ITGAM,M genes
Positive Regulation Of Reactive Oxygen Species Biosynthetic Process (GO:1903428),1/12,0.009560390013,0.03535352557,0,0,121.0484848,562.8907982,CD36,M genes
Lipoprotein Localization (GO:0044872),1/12,0.009560390013,0.03535352557,0,0,121.0484848,562.8907982,CD36,M genes
Low-Density Lipoprotein Particle Remodeling (GO:0034374),1/12,0.009560390013,0.03535352557,0,0,121.0484848,562.8907982,MPO,M genes
Positive Regulation Of Leukocyte Degranulation (GO:0043302),1/13,0.01035321252,0.03675390444,0,0,110.9555556,507.117753,ITGAM,M genes
Immune Response-Regulating Cell Surface Receptor Signaling Pathway (GO:0002768),1/13,0.01035321252,0.03675390444,0,0,110.9555556,507.117753,KIT,M genes
Positive Regulation Of Superoxide Anion Generation (GO:0032930),1/13,0.01035321252,0.03675390444,0,0,110.9555556,507.117753,ITGAM,M genes
Embryonic Hemopoiesis (GO:0035162),1/13,0.01035321252,0.03675390444,0,0,110.9555556,507.117753,KIT,M genes
Protein Activation Cascade (GO:0072376),1/14,0.01114544022,0.03768220264,0,0,102.4153846,460.5338013,GP1BA,M genes
Regulation Of Superoxide Anion Generation (GO:0032928),1/14,0.01114544022,0.03768220264,0,0,102.4153846,460.5338013,ITGAM,M genes
Detection Of Mechanical Stimulus Involved In Sensory Perception (GO:0050974),1/14,0.01114544022,0.03768220264,0,0,102.4153846,460.5338013,KIT,M genes
Regulation Of Bone Remodeling (GO:0046850),1/14,0.01114544022,0.03768220264,0,0,102.4153846,460.5338013,ITGB3,M genes
"Blood Coagulation, Fibrin Clot Formation (GO:0072378)",1/14,0.01114544022,0.03768220264,0,0,102.4153846,460.5338013,GP1BA,M genes
Positive Regulation Of Immunoglobulin Mediated Immune Response (GO:0002891),1/15,0.01193707351,0.03887762472,0,0,95.0952381,421.091823,TFRC,M genes
Positive Regulation Of Isotype Switching (GO:0045830),1/15,0.01193707351,0.03887762472,0,0,95.0952381,421.091823,TFRC,M genes
Regulation Of Isotype Switching (GO:0045191),1/15,0.01193707351,0.03887762472,0,0,95.0952381,421.091823,TFRC,M genes
Positive Regulation Of Cell Activation (GO:0050867),1/15,0.01193707351,0.03887762472,0,0,95.0952381,421.091823,GP1BA,M genes
Positive Regulation Of Myeloid Leukocyte Cytokine Production Involved In Immune Response (GO:0061081),1/16,0.01272811278,0.04068979829,0,0,88.75111111,387.3047126,KIT,M genes
Positive Regulation Of Leukocyte Adhesion To Vascular Endothelial Cell (GO:1904996),1/17,0.01351855845,0.04068979829,0,0,83.2,358.0671609,FUT4,M genes
Negative Regulation Of Interleukin-8 Production (GO:0032717),1/17,0.01351855845,0.04068979829,0,0,83.2,358.0671609,CD33,M genes
Negative Regulation Of Leukocyte Activation (GO:0002695),1/17,0.01351855845,0.04068979829,0,0,83.2,358.0671609,CD33,M genes
Positive Regulation Of Macrophage Derived Foam Cell Differentiation (GO:0010744),1/17,0.01351855845,0.04068979829,0,0,83.2,358.0671609,CD36,M genes
Negative Regulation Of Calcium Ion Transport (GO:0051926),1/17,0.01351855845,0.04068979829,0,0,83.2,358.0671609,CD33,M genes
Sensory Perception Of Taste (GO:0050909),1/17,0.01351855845,0.04068979829,0,0,83.2,358.0671609,CD36,M genes
cGMP-mediated Signaling (GO:0019934),1/17,0.01351855845,0.04068979829,0,0,83.2,358.0671609,CD36,M genes
Positive Regulation Of Protein Modification Process (GO:0031401),2/225,0.01362913001,0.04068979829,0,0,12.65919283,54.37814338,TFRC;ITGB3,M genes
Negative Regulation Of Lipid Storage (GO:0010888),1/18,0.01430841092,0.04068979829,0,0,78.30196078,332.5412032,ITGB3,M genes
Negative Regulation Of Monoatomic Ion Transport (GO:0043271),1/18,0.01430841092,0.04068979829,0,0,78.30196078,332.5412032,CD33,M genes
Positive Regulation Of Natural Killer Cell Activation (GO:0032816),1/18,0.01430841092,0.04068979829,0,0,78.30196078,332.5412032,FCGR3A,M genes
Positive Regulation Of NLRP3 Inflammasome Complex Assembly (GO:1900227),1/18,0.01430841092,0.04068979829,0,0,78.30196078,332.5412032,CD36,M genes
Positive Regulation Of Phosphoprotein Phosphatase Activity (GO:0032516),1/18,0.01430841092,0.04068979829,0,0,78.30196078,332.5412032,CD33,M genes
Nitric Oxide Mediated Signal Transduction (GO:0007263),1/18,0.01430841092,0.04068979829,0,0,78.30196078,332.5412032,CD36,M genes
Positive Regulation Of Phosphorylation (GO:0042327),2/231,0.01432739376,0.04068979829,0,0,12.32376794,52.32156641,TFRC;ITGB3,M genes
Inflammatory Response (GO:0006954),2/236,0.01492103203,0.04203941563,0,0,12.05738706,50.70111382,KIT;CD14,M genes
Mesoderm Formation (GO:0001707),1/20,0.01588633786,0.04305076292,0,0,70.05263158,290.1787211,ITGB3,M genes
Microglial Cell Activation (GO:0001774),1/20,0.01588633786,0.04305076292,0,0,70.05263158,290.1787211,ITGAM,M genes
Regulation Of Toll-Like Receptor Signaling Pathway (GO:0034121),1/20,0.01588633786,0.04305076292,0,0,70.05263158,290.1787211,CD36,M genes
Positive Regulation Of Phospholipase Activity (GO:0010518),1/20,0.01588633786,0.04305076292,0,0,70.05263158,290.1787211,KIT,M genes
Hydrogen Peroxide Catabolic Process (GO:0042744),1/20,0.01588633786,0.04305076292,0,0,70.05263158,290.1787211,MPO,M genes
Peptide Catabolic Process (GO:0043171),1/21,0.01667441316,0.04417475128,0,0,66.54666667,272.4340598,ANPEP,M genes
Regulation Of Lipid Storage (GO:0010883),1/21,0.01667441316,0.04417475128,0,0,66.54666667,272.4340598,ITGB3,M genes
Regulation Of Lipopolysaccharide-Mediated Signaling Pathway (GO:0031664),1/21,0.01667441316,0.04417475128,0,0,66.54666667,272.4340598,CD36,M genes
Cellular Response To Low-Density Lipoprotein Particle Stimulus (GO:0071404),1/22,0.01746189687,0.04492009703,0,0,63.37460317,256.5235419,CD36,M genes
Regulation Of Vascular Endothelial Growth Factor Receptor Signaling Pathway (GO:0030947),1/22,0.01746189687,0.04492009703,0,0,63.37460317,256.5235419,ITGB3,M genes
Natural Killer Cell Activation Involved In Immune Response (GO:0002323),1/22,0.01746189687,0.04492009703,0,0,63.37460317,256.5235419,FCGR3A,M genes
Natural Killer Cell Mediated Immunity (GO:0002228),1/22,0.01746189687,0.04492009703,0,0,63.37460317,256.5235419,FCGR3A,M genes
Regulation Of Toll-Like Receptor 4 Signaling Pathway (GO:0034143),1/23,0.01824878942,0.04530293877,0,0,60.49090909,242.1848235,CD14,M genes
Positive Regulation Of Neuron Apoptotic Process (GO:0043525),1/23,0.01824878942,0.04530293877,0,0,60.49090909,242.1848235,ITGAM,M genes
Positive Regulation Of Neutrophil Migration (GO:1902624),1/23,0.01824878942,0.04530293877,0,0,60.49090909,242.1848235,FUT4,M genes
Positive Regulation Of Protein Targeting To Membrane (GO:0090314),1/23,0.01824878942,0.04530293877,0,0,60.49090909,242.1848235,ITGAM,M genes
Long-Chain Fatty Acid Transport (GO:0015909),1/23,0.01824878942,0.04530293877,0,0,60.49090909,242.1848235,CD36,M genes
Regulation Of Protein Phosphorylation (GO:0001932),2/265,0.01857045471,0.0456584958,0,0,10.71211298,42.70044713,TFRC;ITGB3,M genes
Fc-gamma Receptor Signaling Pathway (GO:0038094),1/24,0.01903509121,0.0456584958,0,0,57.85797101,229.2026799,FCGR3A,M genes
Natural Killer Cell Mediated Cytotoxicity (GO:0042267),1/24,0.01903509121,0.0456584958,0,0,57.85797101,229.2026799,FCGR3A,M genes
Amyloid Fibril Formation (GO:1990000),1/24,0.01903509121,0.0456584958,0,0,57.85797101,229.2026799,CD36,M genes
Iron Ion Transport (GO:0006826),1/24,0.01903509121,0.0456584958,0,0,57.85797101,229.2026799,TFRC,M genes
Sterol Transport (GO:0015918),1/25,0.01982080264,0.04690923292,0,0,55.44444444,217.398956,CD36,M genes
Lamellipodium Assembly (GO:0030032),1/25,0.01982080264,0.04690923292,0,0,55.44444444,217.398956,KIT,M genes
Regulation Of Reactive Oxygen Species Biosynthetic Process (GO:1903426),1/26,0.02060592413,0.04719421334,0,0,53.224,206.6249708,CD36,M genes
Negative Regulation Of Interleukin-1 Beta Production (GO:0032691),1/26,0.02060592413,0.04719421334,0,0,53.224,206.6249708,CD33,M genes
Cellular Response To Xenobiotic Stimulus (GO:0071466),1/26,0.02060592413,0.04719421334,0,0,53.224,206.6249708,TFRC,M genes
Positive Regulation Of Phosphatidylinositol 3-Kinase Activity (GO:0043552),1/26,0.02060592413,0.04719421334,0,0,53.224,206.6249708,KIT,M genes
Negative Regulation Of Receptor-Mediated Endocytosis (GO:0048261),1/26,0.02060592413,0.04719421334,0,0,53.224,206.6249708,ITGB3,M genes
Cell Surface Receptor Signaling Pathway Involved In Cell-Cell Signaling (GO:1905114),1/27,0.02139045609,0.04829393632,0,0,51.17435897,196.7557093,ITGAM,M genes
Positive Regulation Of Nitric Oxide Biosynthetic Process (GO:0045429),1/27,0.02139045609,0.04829393632,0,0,51.17435897,196.7557093,CD36,M genes
Regulation Of Protein Targeting To Membrane (GO:0090313),1/28,0.02217439893,0.04829393632,0,0,49.27654321,187.6853284,ITGAM,M genes
Positive Regulation Of Nitric Oxide Metabolic Process (GO:1904407),1/28,0.02217439893,0.04829393632,0,0,49.27654321,187.6853284,CD36,M genes
Hematopoietic Progenitor Cell Differentiation (GO:0002244),1/28,0.02217439893,0.04829393632,0,0,49.27654321,187.6853284,KIT,M genes
Apoptotic Cell Clearance (GO:0043277),1/28,0.02217439893,0.04829393632,0,0,49.27654321,187.6853284,ITGB3,M genes
Regulation Of Bone Resorption (GO:0045124),1/28,0.02217439893,0.04829393632,0,0,49.27654321,187.6853284,ITGB3,M genes
Regulation Of Platelet Activation (GO:0010543),1/28,0.02217439893,0.04829393632,0,0,49.27654321,187.6853284,GP1BA,M genes
Positive Regulation Of B Cell Proliferation (GO:0030890),1/29,0.02295775305,0.04909639959,0,0,47.51428571,179.3236456,TFRC,M genes
Heterotypic Cell-Cell Adhesion (GO:0034113),1/29,0.02295775305,0.04909639959,0,0,47.51428571,179.3236456,ITGB3,M genes
Regulation Of Blood Coagulation (GO:0030193),1/29,0.02295775305,0.04909639959,0,0,47.51428571,179.3236456,GP1BA,M genes
Negative Regulation Of Interleukin-1 Production (GO:0032692),1/30,0.02374051886,0.04957578939,0,0,45.87356322,171.5933677,CD33,M genes
Positive Regulation Of Lipid Kinase Activity (GO:0090218),1/30,0.02374051886,0.04957578939,0,0,45.87356322,171.5933677,KIT,M genes
Negative Regulation Of Blood Coagulation (GO:0030195),1/30,0.02374051886,0.04957578939,0,0,45.87356322,171.5933677,GP1BA,M genes
Lamellipodium Organization (GO:0097581),1/30,0.02374051886,0.04957578939,0,0,45.87356322,171.5933677,KIT,M genes
Regulation Of Response To Biotic Stimulus (GO:0002831),1/31,0.02452269678,0.0503211408,0,0,44.34222222,164.4278859,CD36,M genes
Positive Regulation Of Leukocyte Migration (GO:0002687),1/31,0.02452269678,0.0503211408,0,0,44.34222222,164.4278859,FUT4,M genes
Negative Chemotaxis (GO:0050919),1/31,0.02452269678,0.0503211408,0,0,44.34222222,164.4278859,ITGB3,M genes
Positive Regulation Of MAPK Cascade (GO:0043410),2/310,0.02490171518,0.0508052235,0,0,9.126159555,33.70125171,KIT;CD36,M genes
Phosphatidylinositol 3-Kinase Signaling (GO:0014065),1/32,0.02530428721,0.05084628424,0,0,42.90967742,157.7695056,FCGR3A,M genes
Transition Metal Ion Transport (GO:0000041),1/32,0.02530428721,0.05084628424,0,0,42.90967742,157.7695056,TFRC,M genes
Protein Transport (GO:0015031),2/313,0.02535152763,0.05084628424,0,0,9.036747818,33.20929176,TFRC;CD36,M genes
Regulation Of NLRP3 Inflammasome Complex Assembly (GO:1900225),1/33,0.02608529057,0.0517333975,0,0,41.56666667,151.5680159,CD36,M genes
Positive Regulation Of Cytokine Production Involved In Immune Response (GO:0002720),1/33,0.02608529057,0.0517333975,0,0,41.56666667,151.5680159,KIT,M genes
Positive Regulation Of Immunoglobulin Production (GO:0002639),1/34,0.02686570726,0.05211653594,0,0,40.30505051,145.7795237,TFRC,M genes
Cellular Response To Amyloid-Beta (GO:1904646),1/34,0.02686570726,0.05211653594,0,0,40.30505051,145.7795237,CD36,M genes
Positive Regulation Of Neuron Death (GO:1901216),1/34,0.02686570726,0.05211653594,0,0,40.30505051,145.7795237,ITGAM,M genes
Regulation Of Phosphatidylinositol 3-Kinase Activity (GO:0043551),1/34,0.02686570726,0.05211653594,0,0,40.30505051,145.7795237,KIT,M genes
Substrate Adhesion-Dependent Cell Spreading (GO:0034446),1/36,0.02842478227,0.05425160056,0,0,37.99809524,135.2919863,ITGB3,M genes
Positive Regulation Of Phospholipase C Activity (GO:0010863),1/36,0.02842478227,0.05425160056,0,0,37.99809524,135.2919863,KIT,M genes
Negative Regulation Of Sequestering Of Calcium Ion (GO:0051283),1/36,0.02842478227,0.05425160056,0,0,37.99809524,135.2919863,GP1BA,M genes
Positive Regulation Of Receptor Signaling Pathway Via JAK-STAT (GO:0046427),1/37,0.0292034414,0.05485302485,0,0,36.94074074,130.5289519,KIT,M genes
Positive Regulation Of Receptor Signaling Pathway Via STAT (GO:1904894),1/37,0.0292034414,0.05485302485,0,0,36.94074074,130.5289519,KIT,M genes
Regulation Of Cellular Component Biogenesis (GO:0044087),1/37,0.0292034414,0.05485302485,0,0,36.94074074,130.5289519,CD36,M genes
Fatty Acid Transport (GO:0015908),1/38,0.02998151551,0.05514872106,0,0,35.94054054,126.0497378,CD36,M genes
Positive Regulation Of Protein Tyrosine Kinase Activity (GO:0061098),1/38,0.02998151551,0.05514872106,0,0,35.94054054,126.0497378,FCGR1A,M genes
Regulation Of Protein Tyrosine Kinase Activity (GO:0061097),1/39,0.03075900498,0.05514872106,0,0,34.99298246,121.8306048,FCGR1A,M genes
Negative Regulation Of Mitochondrion Organization (GO:0010823),1/39,0.03075900498,0.05514872106,0,0,34.99298246,121.8306048,TFRC,M genes
Positive Regulation Of Pattern Recognition Receptor Signaling Pathway (GO:0062208),1/39,0.03075900498,0.05514872106,0,0,34.99298246,121.8306048,CD14,M genes
Release Of Sequestered Calcium Ion Into Cytosol (GO:0051209),1/39,0.03075900498,0.05514872106,0,0,34.99298246,121.8306048,GP1BA,M genes
Negative Regulation Of Transport (GO:0051051),1/39,0.03075900498,0.05514872106,0,0,34.99298246,121.8306048,ITGB3,M genes
Digestive Tract Development (GO:0048565),1/39,0.03075900498,0.05514872106,0,0,34.99298246,121.8306048,KIT,M genes
Regulation Of Nitric Oxide Biosynthetic Process (GO:0045428),1/39,0.03075900498,0.05514872106,0,0,34.99298246,121.8306048,CD36,M genes
Cyclic-Nucleotide-Mediated Signaling (GO:0019935),1/40,0.03153591025,0.05625752834,0,0,34.09401709,117.8503469,CD36,M genes
Stem Cell Differentiation (GO:0048863),1/41,0.0323122317,0.05706886694,0,0,33.24,114.0899655,KIT,M genes
Visual System Development (GO:0150063),1/41,0.0323122317,0.05706886694,0,0,33.24,114.0899655,ITGAM,M genes
Lysosome Localization (GO:0032418),1/42,0.03308796976,0.05814964983,0,0,32.42764228,110.5323917,KIT,M genes
Positive Regulation Of Macromolecule Metabolic Process (GO:0010604),2/364,0.03350071976,0.05858500254,0,0,7.743488556,26.29834566,TFRC;CD36,M genes
Response To Amyloid-Beta (GO:1904645),1/43,0.03386312482,0.05864102103,0,0,31.65396825,107.1622501,CD36,M genes
Positive Regulation Of Cell-Matrix Adhesion (GO:0001954),1/43,0.03386312482,0.05864102103,0,0,31.65396825,107.1622501,CD36,M genes
Regulation Of B Cell Proliferation (GO:0030888),1/44,0.03463769731,0.05940281422,0,0,30.91627907,103.965655,TFRC,M genes
Positive Regulation Of Biosynthetic Process (GO:0009891),1/44,0.03463769731,0.05940281422,0,0,30.91627907,103.965655,CD36,M genes
Natural Killer Cell Activation (GO:0030101),1/45,0.03541168761,0.05974748433,0,0,30.21212121,100.9300368,FCGR3A,M genes
Positive Regulation Of Protein Phosphorylation (GO:0001934),2/377,0.03572419106,0.05974748433,0,0,7.470095238,24.8898135,TFRC;ITGB3,M genes
Epithelial Cell Migration (GO:0010631),1/46,0.03618509614,0.05974748433,0,0,29.53925926,98.04399035,KIT,M genes
Male Gonad Development (GO:0008584),1/46,0.03618509614,0.05974748433,0,0,29.53925926,98.04399035,KIT,M genes
T Cell Differentiation (GO:0030217),1/46,0.03618509614,0.05974748433,0,0,29.53925926,98.04399035,KIT,M genes
Positive Regulation Of Cell-Cell Adhesion (GO:0022409),1/46,0.03618509614,0.05974748433,0,0,29.53925926,98.04399035,FUT3,M genes
Development Of Primary Male Sexual Characteristics (GO:0046546),1/46,0.03618509614,0.05974748433,0,0,29.53925926,98.04399035,KIT,M genes
Negative Regulation Of Cellular Metabolic Process (GO:0031324),1/46,0.03618509614,0.05974748433,0,0,29.53925926,98.04399035,ITGB3,M genes
Negative Regulation Of Programmed Cell Death (GO:0043069),2/381,0.03641983567,0.05985667436,0,0,7.389747456,24.4795857,TFRC;MPO,M genes
Regulation Of Wound Healing (GO:0061041),1/47,0.03695792332,0.06018377421,0,0,28.89565217,95.29714487,GP1BA,M genes
Negative Regulation Of Tumor Necrosis Factor Production (GO:0032720),1/47,0.03695792332,0.06018377421,0,0,28.89565217,95.29714487,CD33,M genes
Erythrocyte Differentiation (GO:0030218),1/49,0.03850183521,0.06212796136,0,0,27.68888889,90.18407814,KIT,M genes
Negative Regulation Of Tumor Necrosis Factor Superfamily Cytokine Production (GO:1903556),1/49,0.03850183521,0.06212796136,0,0,27.68888889,90.18407814,CD33,M genes
Cell Chemotaxis (GO:0060326),1/50,0.03927292073,0.06251967202,0,0,27.12244898,87.8013353,KIT,M genes
Positive Regulation Of Cell Death (GO:0010942),1/50,0.03927292073,0.06251967202,0,0,27.12244898,87.8013353,ITGAM,M genes
Intracellular Iron Ion Homeostasis (GO:0006879),1/50,0.03927292073,0.06251967202,0,0,27.12244898,87.8013353,TFRC,M genes
Positive Regulation Of Leukocyte Mediated Cytotoxicity (GO:0001912),1/51,0.04004342652,0.06290007264,0,0,26.57866667,85.52458777,ITGAM,M genes
Positive Regulation Of DNA Recombination (GO:0045911),1/51,0.04004342652,0.06290007264,0,0,26.57866667,85.52458777,TFRC,M genes
Cholesterol Transport (GO:0030301),1/51,0.04004342652,0.06290007264,0,0,26.57866667,85.52458777,CD36,M genes
Regulation Of Protein Localization To Nucleus (GO:1900180),1/52,0.04081335299,0.06354710662,0,0,26.05620915,83.34719407,TFRC,M genes
Positive Regulation Of B Cell Activation (GO:0050871),1/52,0.04081335299,0.06354710662,0,0,26.05620915,83.34719407,TFRC,M genes
Regulation Of Receptor Signaling Pathway Via JAK-STAT (GO:0046425),1/53,0.04158270052,0.06390415015,0,0,25.55384615,81.2630464,KIT,M genes
Gonad Development (GO:0008406),1/53,0.04158270052,0.06390415015,0,0,25.55384615,81.2630464,KIT,M genes
Actin Cytoskeleton Reorganization (GO:0031532),1/53,0.04158270052,0.06390415015,0,0,25.55384615,81.2630464,KIT,M genes
Ceramide Metabolic Process (GO:0006672),1/55,0.04311966045,0.06569733673,0,0,24.60493827,77.35242001,FUT3,M genes
Positive Regulation Of Tyrosine Phosphorylation Of STAT Protein (GO:0042531),1/55,0.04311966045,0.06569733673,0,0,24.60493827,77.35242001,KIT,M genes
Pattern Recognition Receptor Signaling Pathway (GO:0002221),1/56,0.04388727364,0.06601687349,0,0,24.15636364,75.51595468,CD14,M genes
Peptide Metabolic Process (GO:0006518),1/56,0.04388727364,0.06601687349,0,0,24.15636364,75.51595468,ANPEP,M genes
Cellular Response To Peptide (GO:1901653),1/56,0.04388727364,0.06601687349,0,0,24.15636364,75.51595468,CD36,M genes
Positive Regulation Of Interleukin-1 Beta Production (GO:0032731),1/57,0.04465430954,0.0663275309,0,0,23.72380952,73.75268481,CD36,M genes
Myeloid Cell Differentiation (GO:0030099),1/57,0.04465430954,0.0663275309,0,0,23.72380952,73.75268481,KIT,M genes
Regulation Of Calcium Ion Transport (GO:0051924),1/57,0.04465430954,0.0663275309,0,0,23.72380952,73.75268481,CD33,M genes
Regulation Of Neuron Death (GO:1901214),1/58,0.04542076853,0.06690611132,0,0,23.30643275,72.05849833,ITGAM,M genes
Positive Regulation Of Type II Interferon Production (GO:0032729),1/58,0.04542076853,0.06690611132,0,0,23.30643275,72.05849833,CD14,M genes
Regulation Of Cell Migration (GO:0030334),2/434,0.04612800445,0.06747432558,0,0,6.465608466,19.89037789,KIT;FUT3,M genes
Regulation Of Type I Interferon Production (GO:0032479),1/59,0.04618665103,0.06747432558,0,0,22.90344828,70.42957984,CD14,M genes
Positive Regulation Of Interleukin-8 Production (GO:0032757),1/61,0.04771668816,0.06942387007,0,0,22.13777778,67.3536152,CD14,M genes
Phosphatidylinositol-Mediated Signaling (GO:0048015),1/62,0.0484808436,0.07024775297,0,0,21.77377049,65.90020062,FCGR3A,M genes
Protein N-linked Glycosylation (GO:0006487),1/64,0.05000743025,0.07158321669,0,0,21.08042328,63.14817194,FUT3,M genes
Positive Regulation Of Interleukin-1 Production (GO:0032732),1/64,0.05000743025,0.07158321669,0,0,21.08042328,63.14817194,CD36,M genes
Positive Regulation Of Type I Interferon Production (GO:0032481),1/64,0.05000743025,0.07158321669,0,0,21.08042328,63.14817194,CD14,M genes
Regulation Of Tyrosine Phosphorylation Of STAT Protein (GO:0042509),1/65,0.05076986226,0.07180598048,0,0,20.75,61.84438653,KIT,M genes
Positive Regulation Of T Cell Proliferation (GO:0042102),1/65,0.05076986226,0.07180598048,0,0,20.75,61.84438653,TFRC,M genes
Regulation Of Cell-Matrix Adhesion (GO:0001952),1/65,0.05076986226,0.07180598048,0,0,20.75,61.84438653,CD36,M genes
B Cell Differentiation (GO:0030183),1/68,0.05305371788,0.0747383724,0,0,19.81791045,58.19430975,KIT,M genes
Positive Regulation Of Phosphatidylinositol 3-Kinase Signaling (GO:0014068),1/69,0.05381385761,0.07521228131,0,0,19.5254902,57.05786131,KIT,M genes
Response To Molecule Of Bacterial Origin (GO:0002237),1/69,0.05381385761,0.07521228131,0,0,19.5254902,57.05786131,CD14,M genes
Positive Regulation Of Protein Transport (GO:0051222),1/70,0.0545734253,0.07597476855,0,0,19.24154589,55.95842214,CD33,M genes
Positive Regulation Of Gene Expression (GO:0010628),2/480,0.0552508867,0.076135696,0,0,5.82964734,16.88190603,TFRC;CD36,M genes
Myeloid Leukocyte Differentiation (GO:0002573),1/71,0.05533242132,0.076135696,0,0,18.96571429,54.89429253,KIT,M genes
Positive Regulation Of Cell-Substrate Adhesion (GO:0010811),1/71,0.05533242132,0.076135696,0,0,18.96571429,54.89429253,CD36,M genes
Negative Regulation Of Apoptotic Process (GO:0043066),2/482,0.05566135977,0.07629214696,0,0,5.804761905,16.76687536,TFRC;MPO,M genes
Regulation Of Cellular Localization (GO:0060341),1/72,0.05609084607,0.07629214696,0,0,18.69765258,53.86387318,ITGB3,M genes
Positive Regulation Of Protein Localization To Nucleus (GO:1900182),1/72,0.05609084607,0.07629214696,0,0,18.69765258,53.86387318,TFRC,M genes
Positive Regulation Of Secretion By Cell (GO:1903532),1/73,0.05684869997,0.07702781866,0,0,18.43703704,52.86565804,CD33,M genes
Positive Regulation Of Protein Secretion (GO:0050714),1/76,0.05911884053,0.07979919539,0,0,17.69688889,50.05044052,CD33,M genes
Regulation Of T Cell Proliferation (GO:0042129),1/77,0.059874415,0.07990758392,0,0,17.46315789,49.16762572,TFRC,M genes
Embryonic Organ Development (GO:0048568),1/77,0.059874415,0.07990758392,0,0,17.46315789,49.16762572,KIT,M genes
Positive Regulation Of Endothelial Cell Proliferation (GO:0001938),1/77,0.059874415,0.07990758392,0,0,17.46315789,49.16762572,ITGB3,M genes
Organonitrogen Compound Catabolic Process (GO:1901565),1/78,0.06062942061,0.080612151,0,0,17.23549784,48.31066981,ANPEP,M genes
Positive Regulation Of Protein Localization To Membrane (GO:1905477),1/79,0.06138385776,0.08131070711,0,0,17.01367521,47.47850465,ITGAM,M genes
Positive Regulation Of Immune Response (GO:0050778),1/80,0.06213772686,0.08139812929,0,0,16.79746835,46.67011894,ITGAM,M genes
Glycoprotein Biosynthetic Process (GO:0009101),1/80,0.06213772686,0.08139812929,0,0,16.79746835,46.67011894,FUT4,M genes
Wound Healing (GO:0042060),1/80,0.06213772686,0.08139812929,0,0,16.79746835,46.67011894,ITGB3,M genes
Activation Of Protein Kinase Activity (GO:0032147),1/81,0.0628910283,0.08208204061,0,0,16.58666667,45.88455452,ITGB3,M genes
Calcium Ion Transmembrane Import Into Cytosol (GO:0097553),1/83,0.06439592978,0.08343268274,0,0,16.1804878,44.37830238,GP1BA,M genes
Vascular Transport (GO:0010232),1/83,0.06439592978,0.08343268274,0,0,16.1804878,44.37830238,TFRC,M genes
Positive Regulation Of Intracellular Signal Transduction (GO:1902533),2/525,0.06475008891,0.08358647841,0,0,5.315760721,14.55040765,TFRC;KIT,M genes
Calcium-Mediated Signaling (GO:0019722),1/85,0.06589856541,0.08415104576,0,0,15.79365079,42.95302244,FCGR3A,M genes
Positive Regulation Of Protein Localization (GO:1903829),1/85,0.06589856541,0.08415104576,0,0,15.79365079,42.95302244,TFRC,M genes
Positive Regulation Of Endothelial Cell Migration (GO:0010595),1/85,0.06589856541,0.08415104576,0,0,15.79365079,42.95302244,ITGB3,M genes
Regulation Of Type II Interferon Production (GO:0032649),1/87,0.06739893836,0.0857585058,0,0,15.4248062,41.60264604,CD14,M genes
Regulation Of Endothelial Cell Migration (GO:0010594),1/88,0.06814827733,0.08609479876,0,0,15.2467433,40.9538106,ITGB3,M genes
Positive Regulation Of Cell Adhesion (GO:0045785),1/88,0.06814827733,0.08609479876,0,0,15.2467433,40.9538106,FUT3,M genes
Positive Regulation Of Peptidyl-Serine Phosphorylation (GO:0033138),1/89,0.06889705181,0.08673210422,0,0,15.07272727,40.32168414,TFRC,M genes
Regulation Of Peptidyl-Tyrosine Phosphorylation (GO:0050730),1/90,0.06964526222,0.08705657777,0,0,14.90262172,39.70566016,ITGB3,M genes
Regulation Of Phosphatidylinositol 3-Kinase Signaling (GO:0014066),1/90,0.06964526222,0.08705657777,0,0,14.90262172,39.70566016,KIT,M genes
Lymphocyte Differentiation (GO:0030098),1/91,0.07039290893,0.08737581354,0,0,14.7362963,39.1051605,KIT,M genes
Positive Regulation Of MAP Kinase Activity (GO:0043406),1/91,0.07039290893,0.08737581354,0,0,14.7362963,39.1051605,KIT,M genes
B Cell Activation (GO:0042113),1/92,0.07113999237,0.08739627426,0,0,14.57362637,38.51963377,KIT,M genes
Sensory Perception Of Sound (GO:0007605),1/92,0.07113999237,0.08739627426,0,0,14.57362637,38.51963377,KIT,M genes
Protein O-linked Glycosylation (GO:0006493),1/93,0.07188651291,0.08739627426,0,0,14.41449275,37.94855382,FUT3,M genes
Regulation Of Endothelial Cell Proliferation (GO:0001936),1/93,0.07188651291,0.08739627426,0,0,14.41449275,37.94855382,ITGB3,M genes
Positive Regulation Of Cellular Component Biogenesis (GO:0044089),1/93,0.07188651291,0.08739627426,0,0,14.41449275,37.94855382,TFRC,M genes
Regulation Of Peptidyl-Serine Phosphorylation (GO:0033135),1/93,0.07188651291,0.08739627426,0,0,14.41449275,37.94855382,TFRC,M genes
Sphingolipid Metabolic Process (GO:0006665),1/94,0.07263247096,0.08800179928,0,0,14.25878136,37.39141833,FUT3,M genes
Positive Regulation Of Epithelial Cell Migration (GO:0010634),1/95,0.07337786691,0.08860252637,0,0,14.10638298,36.8477475,ITGB3,M genes
Regulation Of Protein Localization (GO:0032880),1/97,0.07486697407,0.08978978309,0,0,13.81111111,35.79898586,ITGB3,M genes
Monocarboxylic Acid Metabolic Process (GO:0032787),1/97,0.07486697407,0.08978978309,0,0,13.81111111,35.79898586,CD36,M genes
Positive Regulation Of Cold-Induced Thermogenesis (GO:0120162),1/98,0.07561068607,0.09037640928,0,0,13.66804124,35.29303732,CD36,M genes
Hemopoiesis (GO:0030097),1/101,0.07783846055,0.09272702515,0,0,13.256,33.84415366,KIT,M genes
Regulation Of Protein Secretion (GO:0050708),1/102,0.07857993284,0.09329724468,0,0,13.12409241,33.38295224,CD33,M genes
Positive Regulation Of T Cell Activation (GO:0050870),1/107,0.08227891793,0.09736338622,0,0,12.50188679,31.2252171,TFRC,M genes
Positive Regulation Of Metabolic Process (GO:0009893),1/108,0.08301704242,0.09758625847,0,0,12.38442368,30.82123114,CD36,M genes
Lipid Transport (GO:0006869),1/108,0.08301704242,0.09758625847,0,0,12.38442368,30.82123114,CD36,M genes
Negative Regulation Of Developmental Process (GO:0051093),1/109,0.08375461033,0.09812833884,0,0,12.2691358,30.42578894,TFRC,M genes
Response To Lipid (GO:0033993),1/110,0.08449162203,0.09834270761,0,0,12.1559633,30.03863613,CD36,M genes
Sensory Perception Of Chemical Stimulus (GO:0007606),1/110,0.08449162203,0.09834270761,0,0,12.1559633,30.03863613,CD36,M genes
T Cell Activation (GO:0042110),1/111,0.08522807793,0.09887571133,0,0,12.04484848,29.65952816,KIT,M genes
Positive Regulation Of Cellular Component Organization (GO:0051130),1/113,0.08669932387,0.1002549185,0,0,11.82857143,28.92451446,TFRC,M genes
Regulation Of MAP Kinase Activity (GO:0043405),1/114,0.08743411468,0.1007763335,0,0,11.72330383,28.56816442,KIT,M genes
Cellular Response To Molecule Of Bacterial Origin (GO:0071219),1/117,0.08963516321,0.1026467192,0,0,11.4183908,27.54124528,CD14,M genes
Positive Regulation Of Protein Serine/Threonine Kinase Activity (GO:0071902),1/117,0.08963516321,0.1026467192,0,0,11.4183908,27.54124528,KIT,M genes
Fatty Acid Metabolic Process (GO:0006631),1/122,0.09329252108,0.106491463,0,0,10.94380165,25.95886534,CD36,M genes
Positive Regulation Of Epithelial Cell Proliferation (GO:0050679),1/123,0.09402233771,0.1066387536,0,0,10.85355191,25.66021587,ITGB3,M genes
Regulation Of Cell Motility (GO:2000145),1/123,0.09402233771,0.1066387536,0,0,10.85355191,25.66021587,FUT3,M genes
Cellular Response To Lipopolysaccharide (GO:0071222),1/124,0.09475160358,0.1071236283,0,0,10.76476965,25.36714211,CD14,M genes
Positive Regulation Of Intracellular Protein Transport (GO:0090316),1/126,0.09620848468,0.1084254351,0,0,10.59146667,24.79714134,ITGAM,M genes
Regulation Of Apoptotic Process (GO:0042981),2/705,0.10754185,0.1208144201,0,0,3.918106076,8.736887589,TFRC;MPO,M genes
Regulation Of Cold-Induced Thermogenesis (GO:0120161),1/146,0.1106568971,0.1239217617,0,0,9.12137931,20.07908275,CD36,M genes
Negative Regulation Of Protein Metabolic Process (GO:0051248),1/147,0.1113736023,0.1243321661,0,0,9.058447489,19.88206883,ITGB3,M genes
Response To Lipopolysaccharide (GO:0032496),1/159,0.1199319376,0.1334665763,0,0,8.365400844,17.74160047,CD14,M genes
Protein Autophosphorylation (GO:0046777),1/162,0.1220594146,0.1354096631,0,0,8.208281573,17.26404645,KIT,M genes
Cell-Cell Adhesion Via Plasma-Membrane Adhesion Molecules (GO:0098742),1/172,0.1291162347,0.1427920976,0,0,7.724366472,15.81210441,ITGAM,M genes
Positive Regulation Of Cellular Biosynthetic Process (GO:0031328),1/174,0.1305212023,0.1438975988,0,0,7.634296724,15.54510459,CD36,M genes
Positive Regulation Of I-kappaB kinase/NF-kappaB Signaling (GO:0043123),1/175,0.131222889,0.144223299,0,0,7.590038314,15.41428972,TFRC,M genes
Negative Regulation Of Cytokine Production (GO:0001818),1/178,0.133324765,0.1460811469,0,0,7.460263653,15.0321872,CD33,M genes
Positive Regulation Of ERK1 And ERK2 Cascade (GO:0070374),1/179,0.1340243303,0.146395807,0,0,7.417977528,14.9081611,CD36,M genes
Intracellular Monoatomic Cation Homeostasis (GO:0030003),1/190,0.1416846896,0.1542885424,0,0,6.982363316,13.64459356,TFRC,M genes
Regulation Of Signal Transduction (GO:0009966),1/193,0.1437628262,0.1560727929,0,0,6.872222222,13.3292961,CD36,M genes
Regulation Of MAPK Cascade (GO:0043408),1/204,0.1513423729,0.1633025605,0,0,6.496223317,12.26623798,KIT,M genes
Defense Response To Bacterium (GO:0042742),1/204,0.1513423729,0.1633025605,0,0,6.496223317,12.26623798,MPO,M genes
Negative Regulation Of Cell Differentiation (GO:0045596),1/207,0.1533985786,0.165019683,0,0,6.400647249,11.99939361,ITGB3,M genes
Positive Regulation Of Cell Motility (GO:2000147),1/221,0.1629325999,0.1747464441,0,0,5.989090909,10.86671831,KIT,M genes
Regulation Of Cell Growth (GO:0001558),1/227,0.1669877159,0.1782033839,0,0,5.828318584,10.43172875,TFRC,M genes
Cellular Response To Lipid (GO:0071396),1/228,0.1676617753,0.1782033839,0,0,5.802349486,10.36187384,CD14,M genes
Apoptotic Process (GO:0006915),1/228,0.1676617753,0.1782033839,0,0,5.802349486,10.36187384,CD14,M genes
Regulation Of I-kappaB kinase/NF-kappaB Signaling (GO:0043122),1/232,0.1703529031,0.1805232256,0,0,5.700721501,10.0896106,TFRC,M genes
Positive Regulation Of Developmental Process (GO:0051094),1/233,0.1710244093,0.1806954324,0,0,5.675862069,10.02328288,TFRC,M genes
Regulation Of ERK1 And ERK2 Cascade (GO:0070372),1/244,0.1783774257,0.1879050033,0,0,5.415912209,9.336239783,CD36,M genes
Cytokine-Mediated Signaling Pathway (GO:0019221),1/257,0.1869885161,0.1963932639,0,0,5.1375,8.614087737,KIT,M genes
Positive Regulation Of Signal Transduction (GO:0009967),1/266,0.1929003972,0.2020048407,0,0,4.960754717,8.163325196,ITGB3,M genes
Positive Regulation Of Cell Migration (GO:0030335),1/272,0.1968192353,0.2055024368,0,0,4.849446494,7.882627654,KIT,M genes
Plasma Membrane Bounded Cell Projection Assembly (GO:0120031),1/275,0.1987719581,0.2069326836,0,0,4.795620438,7.747790236,KIT,M genes
Central Nervous System Development (GO:0007417),1/283,0.2039574818,0.2110930205,0,0,4.657683215,7.404988454,ITGAM,M genes
Positive Regulation Of Cell Differentiation (GO:0045597),1/283,0.2039574818,0.2110930205,0,0,4.657683215,7.404988454,CD36,M genes
Transmembrane Receptor Protein Tyrosine Kinase Signaling Pathway (GO:0007169),1/284,0.2046034554,0.2111460078,0,0,4.640989399,7.363772193,KIT,M genes
Cellular Response To Cytokine Stimulus (GO:0071345),1/308,0.2199601855,0.2263358431,0,0,4.272964169,6.470586919,KIT,M genes
Supramolecular Fiber Organization (GO:0097435),1/316,0.2250170172,0.230870061,0,0,4.162751323,6.209073486,CD36,M genes
Regulation Of Gene Expression (GO:0010468),2/1127,0.2269051517,0.2321107235,0,0,2.394793651,3.552013461,TFRC;CD36,M genes
Positive Regulation Of Cytokine Production (GO:0001819),1/320,0.2275338924,0.2321107235,0,0,4.109717868,6.084256782,CD14,M genes
Proteolysis (GO:0006508),1/330,0.2337925953,0.2378119522,0,0,3.982776089,5.788251737,ANPEP,M genes
Negative Regulation Of Cell Population Proliferation (GO:0008285),1/379,0.2637790105,0.2675472821,0,0,3.457848325,4.608079467,CD33,M genes
Positive Regulation Of Multicellular Organismal Process (GO:0051240),1/387,0.2685689983,0.2716296137,0,0,3.384801382,4.449820407,CD36,M genes
Cellular Response To Oxygen-Containing Compound (GO:1901701),1/406,0.279828382,0.2822132829,0,0,3.222880658,4.104592434,CD14,M genes
Protein Phosphorylation (GO:0006468),1/500,0.333181951,0.3350696674,0,0,2.603206413,2.861097062,KIT,M genes
Negative Regulation Of Cellular Process (GO:0048523),1/537,0.353147852,0.3541454448,0,0,2.418905473,2.517762427,CD33,M genes
Protein Modification Process (GO:0036211),1/711,0.4397525941,0.4397525941,0,0,1.809765258,1.486799973,FUT4,M genes
Positive Regulation Of B Cell Proliferation (GO:0030890),2/29,3.03E-05,0.002269960135,0,0,369.7592593,3846.615893,PTPRC;CD38,C genes
Regulation Of T Cell Mediated Cytotoxicity (GO:0001914),2/36,4.70E-05,0.002269960135,0,0,293.5294118,2924.900561,PTPRC;HLA-DRA,C genes
Positive Regulation Of Immune Effector Process (GO:0002699),2/37,4.97E-05,0.002269960135,0,0,285.1285714,2825.382972,PTPRC;HLA-DRA,C genes
Regulation Of B Cell Proliferation (GO:0030888),2/44,7.06E-05,0.002269960135,0,0,237.5238095,2270.521513,PTPRC;CD38,C genes
B Cell Receptor Signaling Pathway (GO:0050853),2/46,7.72E-05,0.002269960135,0,0,226.7045455,2146.775129,PTPRC;CD38,C genes
Regulation Of Interleukin-2 Production (GO:0032663),2/47,8.06E-05,0.002269960135,0,0,221.6555556,2089.354582,PTPRC;CD34,C genes
Positive Regulation Of B Cell Activation (GO:0050871),2/52,9.88E-05,0.002385064831,0,0,199.44,1839.338898,PTPRC;CD38,C genes
Positive Regulation Of Lymphocyte Proliferation (GO:0050671),2/74,2.01E-04,0.004238538459,0,0,138.3472222,1177.887412,PTPRC;CD38,C genes
Positive Regulation Of Immune Response (GO:0050778),2/80,2.35E-04,0.004404317413,0,0,127.6666667,1067.0181,PTPRC;HLA-DRA,C genes
Hemopoiesis (GO:0030097),2/101,3.74E-04,0.006316965518,0,0,100.479798,792.9694788,PTPRC;CD34,C genes
Positive Regulation Of T Cell Activation (GO:0050870),2/107,4.19E-04,0.006443713619,0,0,94.70952381,736.5231686,PTPRC;HLA-DRA,C genes
Antigen Receptor-Mediated Signaling Pathway (GO:0050851),2/134,6.57E-04,0.009248009855,0,0,75.23484848,551.3464718,PTPRC;CD38,C genes
Negative Regulation Of Cytokine Production (GO:0001818),2/178,0.001154050583,0.01313435002,0,0,56.30113636,380.8477577,PTPRC;CD34,C genes
Positive Regulation Of Animal Organ Morphogenesis (GO:0110110),1/5,0.001499219822,0.01313435002,0,0,999.5,6499.55902,CD34,C genes
Glomerulus Vasculature Development (GO:0072012),1/5,0.001499219822,0.01313435002,0,0,999.5,6499.55902,CD34,C genes
"Positive Regulation Of CD4-positive, CD25-positive, Alpha-Beta Regulatory T Cell Differentiation (GO:0032831)",1/5,0.001499219822,0.01313435002,0,0,999.5,6499.55902,HLA-DRA,C genes
Regulation Of T Cell Tolerance Induction (GO:0002664),1/6,0.00179884089,0.01313435002,0,0,799.56,5053.709148,IL2RA,C genes
Regulation Of T-helper Cell Differentiation (GO:0045622),1/6,0.00179884089,0.01313435002,0,0,799.56,5053.709148,HLA-DRA,C genes
Regulation Of Antigen Receptor-Mediated Signaling Pathway (GO:0050854),1/6,0.00179884089,0.01313435002,0,0,799.56,5053.709148,PTPRC,C genes
Vascular Wound Healing (GO:0061042),1/6,0.00179884089,0.01313435002,0,0,799.56,5053.709148,CD34,C genes
"Regulation Of CD4-positive, Alpha-Beta T Cell Activation (GO:2000514)",1/7,0.002098387282,0.01313435002,0,0,666.2666667,4108.590826,HLA-DRA,C genes
Natural Killer Cell Differentiation (GO:0001779),1/7,0.002098387282,0.01313435002,0,0,666.2666667,4108.590826,PTPRC,C genes
Negative Regulation Of T Cell Mediated Cytotoxicity (GO:0001915),1/7,0.002098387282,0.01313435002,0,0,666.2666667,4108.590826,PTPRC,C genes
Interleukin-2-Mediated Signaling Pathway (GO:0038110),1/7,0.002098387282,0.01313435002,0,0,666.2666667,4108.590826,IL2RA,C genes
Negative Regulation Of Microglial Cell Activation (GO:1903979),1/7,0.002098387282,0.01313435002,0,0,666.2666667,4108.590826,PTPRC,C genes
Cellular Response To Interleukin-2 (GO:0071352),1/7,0.002098387282,0.01313435002,0,0,666.2666667,4108.590826,IL2RA,C genes
"Positive Regulation Of CD4-positive, Alpha-Beta T Cell Differentiation (GO:0043372)",1/7,0.002098387282,0.01313435002,0,0,666.2666667,4108.590826,HLA-DRA,C genes
Positive Regulation Of Memory T Cell Differentiation (GO:0043382),1/8,0.002397858969,0.01447279164,0,0,571.0571429,3445.289983,HLA-DRA,C genes
Regulation Of Memory T Cell Differentiation (GO:0043380),1/9,0.002697255936,0.01519454177,0,0,499.65,2955.689739,HLA-DRA,C genes
Positive Regulation Of Vasculogenesis (GO:2001214),1/9,0.002697255936,0.01519454177,0,0,499.65,2955.689739,CD34,C genes
Negative Regulation Of Response To Cytokine Stimulus (GO:0060761),1/10,0.002996578173,0.01534611246,0,0,444.1111111,2580.411794,PTPRC,C genes
Angiogenesis Involved In Wound Healing (GO:0060055),1/10,0.002996578173,0.01534611246,0,0,444.1111111,2580.411794,CD34,C genes
Hematopoietic Stem Cell Proliferation (GO:0071425),1/10,0.002996578173,0.01534611246,0,0,444.1111111,2580.411794,CD34,C genes
"Regulation Of CD4-positive, Alpha-Beta T Cell Differentiation (GO:0043370)",1/11,0.003295825676,0.01540515752,0,0,399.68,2284.210592,HLA-DRA,C genes
"Positive Regulation Of CD4-positive, Alpha-Beta T Cell Activation (GO:2000516)",1/12,0.003594998446,0.01540515752,0,0,363.3272727,2044.882815,HLA-DRA,C genes
Endothelium Development (GO:0003158),1/12,0.003594998446,0.01540515752,0,0,363.3272727,2044.882815,CD34,C genes
Substrate-Dependent Cell Migration (GO:0006929),1/13,0.003894096485,0.01540515752,0,0,333.0333333,1847.76671,PTPRC,C genes
Negative Regulation Of Neuroinflammatory Response (GO:0150079),1/13,0.003894096485,0.01540515752,0,0,333.0333333,1847.76671,PTPRC,C genes
Regulation Of Immune Effector Process (GO:0002697),1/13,0.003894096485,0.01540515752,0,0,333.0333333,1847.76671,HLA-DRA,C genes
T Cell Differentiation In Thymus (GO:0033077),1/13,0.003894096485,0.01540515752,0,0,333.0333333,1847.76671,PTPRC,C genes
Regulation Of Vasculogenesis (GO:2001212),1/13,0.003894096485,0.01540515752,0,0,333.0333333,1847.76671,CD34,C genes
Peptide Antigen Assembly With MHC Class II Protein Complex (GO:0002503),1/14,0.004193119799,0.01540515752,0,0,307.4,1682.802968,HLA-DRA,C genes
Regulation Of Microglial Cell Activation (GO:1903978),1/14,0.004193119799,0.01540515752,0,0,307.4,1682.802968,PTPRC,C genes
Negative Regulation Of Leukocyte Mediated Cytotoxicity (GO:0001911),1/14,0.004193119799,0.01540515752,0,0,307.4,1682.802968,PTPRC,C genes
Negative Regulation Of T Cell Mediated Immunity (GO:0002710),1/14,0.004193119799,0.01540515752,0,0,307.4,1682.802968,PTPRC,C genes
MHC Class II Protein Complex Assembly (GO:0002399),1/14,0.004193119799,0.01540515752,0,0,307.4,1682.802968,HLA-DRA,C genes
Stem Cell Development (GO:0048864),1/15,0.004492068393,0.01581582413,0,0,285.4285714,1542.867593,PTPRC,C genes
Negative Regulation Of Macrophage Activation (GO:0043031),1/15,0.004492068393,0.01581582413,0,0,285.4285714,1542.867593,PTPRC,C genes
Positive Regulation Of Stem Cell Proliferation (GO:2000648),1/16,0.004790942275,0.01619338489,0,0,266.3866667,1422.778691,PTPRC,C genes
Regulation Of Stem Cell Proliferation (GO:0072091),1/16,0.004790942275,0.01619338489,0,0,266.3866667,1422.778691,PTPRC,C genes
Regulation Of Receptor Signaling Pathway Via STAT (GO:1904892),1/17,0.005089741454,0.01654165972,0,0,249.725,1318.679916,PTPRC,C genes
Positive Regulation Of Regulatory T Cell Differentiation (GO:0045591),1/17,0.005089741454,0.01654165972,0,0,249.725,1318.679916,HLA-DRA,C genes
Positive Regulation Of Phosphoprotein Phosphatase Activity (GO:0032516),1/18,0.005388465939,0.01655728625,0,0,235.0235294,1227.644124,PTPRC,C genes
Peptide Antigen Assembly With MHC Protein Complex (GO:0002501),1/18,0.005388465939,0.01655728625,0,0,235.0235294,1227.644124,HLA-DRA,C genes
Endothelial Cell Proliferation (GO:0001935),1/18,0.005388465939,0.01655728625,0,0,235.0235294,1227.644124,CD34,C genes
Positive Regulation Of Alpha-Beta T Cell Activation (GO:0046635),1/19,0.005687115739,0.0168617993,0,0,221.9555556,1147.410799,HLA-DRA,C genes
Immunoglobulin Production Involved In Immunoglobulin-Mediated Immune Response (GO:0002381),1/19,0.005687115739,0.0168617993,0,0,221.9555556,1147.410799,HLA-DRA,C genes
Calcium-Mediated Signaling Using Intracellular Calcium Source (GO:0035584),1/20,0.005985690867,0.0171454535,0,0,210.2631579,1076.207481,PTPRC,C genes
Positive Regulation Of Antigen Receptor-Mediated Signaling Pathway (GO:0050857),1/20,0.005985690867,0.0171454535,0,0,210.2631579,1076.207481,PTPRC,C genes
Negative Regulation Of Interleukin-2 Production (GO:0032703),1/21,0.006284191333,0.01741030058,0,0,199.74,1012.625496,PTPRC,C genes
Antigen Processing And Presentation Of Endogenous Peptide Antigen (GO:0002483),1/21,0.006284191333,0.01741030058,0,0,199.74,1012.625496,HLA-DRA,C genes
Negative Regulation Of Protein Tyrosine Kinase Activity (GO:0061099),1/23,0.006880968324,0.01875618785,0,0,181.5636364,904.0045996,PTPRC,C genes
Positive Regulation Of Interleukin-2 Production (GO:0032743),1/25,0.00747744681,0.02005854779,0,0,166.4166667,814.7533475,PTPRC,C genes
Antigen Processing And Presentation Of Exogenous Peptide Antigen Via MHC Class II (GO:0019886),1/26,0.007775574145,0.02053237548,0,0,159.752,775.8783981,HLA-DRA,C genes
Regulation Of Immunoglobulin Production (GO:0002637),1/27,0.008073626891,0.02099142992,0,0,153.6,740.2218192,PTPRC,C genes
Antigen Processing And Presentation Of Peptide Antigen Via MHC Class II (GO:0002495),1/28,0.008371605061,0.02111643665,0,0,147.9037037,707.4100516,HLA-DRA,C genes
Hematopoietic Progenitor Cell Differentiation (GO:0002244),1/28,0.008371605061,0.02111643665,0,0,147.9037037,707.4100516,PTPRC,C genes
Immunoglobulin Mediated Immune Response (GO:0016064),1/30,0.008967337728,0.02164971537,0,0,137.6896552,649.0919521,HLA-DRA,C genes
Negative Regulation Of Peptidyl-Tyrosine Phosphorylation (GO:0050732),1/30,0.008967337728,0.02164971537,0,0,137.6896552,649.0919521,PTPRC,C genes
Nucleic Acid Metabolic Process (GO:0090304),1/30,0.008967337728,0.02164971537,0,0,137.6896552,649.0919521,DNTT,C genes
B Cell Proliferation (GO:0042100),1/31,0.00926509225,0.02174723042,0,0,133.0933333,623.0766346,PTPRC,C genes
Antigen Processing And Presentation Of Exogenous Peptide Antigen (GO:0002478),1/31,0.00926509225,0.02174723042,0,0,133.0933333,623.0766346,HLA-DRA,C genes
Positive Regulation Of T Cell Mediated Cytotoxicity (GO:0001916),1/33,0.009860377743,0.02282744984,0,0,124.7625,576.3067827,HLA-DRA,C genes
Positive Regulation Of Immunoglobulin Production (GO:0002639),1/34,0.01015790874,0.02288915436,0,0,120.9757576,555.2185649,PTPRC,C genes
Purine Nucleotide Metabolic Process (GO:0006163),1/34,0.01015790874,0.02288915436,0,0,120.9757576,555.2185649,CD38,C genes
Negative Regulation Of Sequestering Of Calcium Ion (GO:0051283),1/36,0.01075274731,0.0239107144,0,0,114.0514286,516.9488201,PTPRC,C genes
Lymphocyte Proliferation (GO:0046651),1/38,0.01134728806,0.02458579079,0,0,107.8756757,483.1510413,PTPRC,C genes
Positive Regulation Of Production Of Molecular Mediator Of Immune Response (GO:0002702),1/38,0.01134728806,0.02458579079,0,0,107.8756757,483.1510413,PTPRC,C genes
Release Of Sequestered Calcium Ion Into Cytosol (GO:0051209),1/39,0.01164444679,0.02459889384,0,0,105.0315789,467.6978365,PTPRC,C genes
Regulation Of Protein Tyrosine Kinase Activity (GO:0061097),1/39,0.01164444679,0.02459889384,0,0,105.0315789,467.6978365,PTPRC,C genes
Regulation Of Cytokine-Mediated Signaling Pathway (GO:0001959),1/40,0.0119415311,0.02491504638,0,0,102.3333333,453.1046715,PTPRC,C genes
Stem Cell Differentiation (GO:0048863),1/41,0.01223854103,0.02491943896,0,0,99.77,439.3037926,PTPRC,C genes
Double-Strand Break Repair Via Nonhomologous End Joining (GO:0006303),1/41,0.01223854103,0.02491943896,0,0,99.77,439.3037926,DNTT,C genes
Positive Regulation Of T Cell Mediated Immunity (GO:0002711),1/43,0.01283233774,0.02580025639,0,0,95.00952381,413.84124,HLA-DRA,C genes
Positive Regulation Of Leukocyte Cell-Cell Adhesion (GO:1903039),1/44,0.01312912455,0.02580025639,0,0,92.79534884,402.0750334,HLA-DRA,C genes
Bone Development (GO:0060348),1/44,0.01312912455,0.02580025639,0,0,92.79534884,402.0750334,PTPRC,C genes
Natural Killer Cell Activation (GO:0030101),1/45,0.01342583703,0.02608007422,0,0,90.68181818,390.8907142,PTPRC,C genes
T Cell Differentiation (GO:0030217),1/46,0.01372247518,0.02632463993,0,0,88.66222222,380.2474693,PTPRC,C genes
Cognition (GO:0050890),1/47,0.01401903901,0.02632463993,0,0,86.73043478,370.1081619,HLA-DRA,C genes
Positive Regulation Of Lymphocyte Activation (GO:0051251),1/47,0.01401903901,0.02632463993,0,0,86.73043478,370.1081619,HLA-DRA,C genes
Negative Regulation Of ERK1 And ERK2 Cascade (GO:0070373),1/48,0.01431552855,0.0265859816,0,0,84.88085106,360.4389302,PTPRC,C genes
Positive Regulation Of Leukocyte Mediated Cytotoxicity (GO:0001912),1/51,0.01520455153,0.0279301001,0,0,79.776,333.9551363,HLA-DRA,C genes
Regulation Of Receptor Signaling Pathway Via JAK-STAT (GO:0046425),1/53,0.0157968623,0.02870612611,0,0,76.7,318.1473008,PTPRC,C genes
Regulation Of Phagocytosis (GO:0050764),1/58,0.01727634077,0.03106065522,0,0,69.95438596,283.9040901,PTPRC,C genes
Negative Regulation Of Cytokine-Mediated Signaling Pathway (GO:0001960),1/59,0.01757201399,0.03125968805,0,0,68.74482759,277.8286292,PTPRC,C genes
Positive Regulation Of Phagocytosis (GO:0050766),1/60,0.01786761309,0.03145444388,0,0,67.57627119,271.9786469,PTPRC,C genes
Regulation Of T Cell Activation (GO:0050863),1/62,0.01845858898,0.03183164834,0,0,65.35409836,260.9082973,HLA-DRA,C genes
Negative Regulation Of Kinase Activity (GO:0033673),1/62,0.01845858898,0.03183164834,0,0,65.35409836,260.9082973,PTPRC,C genes
Positive Regulation Of T Cell Differentiation (GO:0045582),1/64,0.01904926854,0.03251844832,0,0,63.27301587,250.6071154,HLA-DRA,C genes
Positive Regulation Of T Cell Proliferation (GO:0042102),1/65,0.01934449724,0.03269220034,0,0,62.28125,245.7211603,PTPRC,C genes
Regulation Of Endocytosis (GO:0030100),1/66,0.0196396519,0.03286238784,0,0,61.32,241.0001522,PTPRC,C genes
B Cell Differentiation (GO:0030183),1/68,0.02022973917,0.03351790118,0,0,59.48358209,232.0217508,PTPRC,C genes
Negative Regulation Of Cell Adhesion (GO:0007162),1/72,0.02140902593,0.0351274309,0,0,56.12112676,215.726394,PTPRC,C genes
Regulation Of T Cell Proliferation (GO:0042129),1/77,0.02288147097,0.03682827233,0,0,52.41578947,197.9968616,PTPRC,C genes
Regulation Of Immune Response (GO:0050776),1/77,0.02288147097,0.03682827233,0,0,52.41578947,197.9968616,HLA-DRA,C genes
Positive Regulation Of Tumor Necrosis Factor Production (GO:0032760),1/78,0.02317573834,0.03694999792,0,0,51.73246753,194.7545981,PTPRC,C genes
Regulation Of Interleukin-8 Production (GO:0032677),1/81,0.02405809743,0.03799830341,0,0,49.785,185.5628164,PTPRC,C genes
Positive Regulation Of Tumor Necrosis Factor Superfamily Cytokine Production (GO:1903557),1/82,0.0243520695,0.03810647913,0,0,49.16790123,182.6655601,PTPRC,C genes
Calcium Ion Transmembrane Import Into Cytosol (GO:0097553),1/83,0.02464596778,0.03821255556,0,0,48.56585366,179.846251,PTPRC,C genes
Calcium-Mediated Signaling (GO:0019722),1/85,0.02523354305,0.03876789796,0,0,47.4047619,174.4296658,PTPRC,C genes
Negative Regulation Of Protein Kinase Activity (GO:0006469),1/88,0.02611435292,0.03975969048,0,0,45.76321839,166.8192961,PTPRC,C genes
Regulation Of Peptidyl-Tyrosine Phosphorylation (GO:0050730),1/90,0.02670119097,0.04029018994,0,0,44.73033708,162.0601184,PTPRC,C genes
Lymphocyte Differentiation (GO:0030098),1/91,0.02699449948,0.04037230454,0,0,44.23111111,159.7681765,PTPRC,C genes
B Cell Activation (GO:0042113),1/92,0.02728773434,0.04045286933,0,0,43.74285714,157.5319375,PTPRC,C genes
Vesicle Organization (GO:0016050),1/94,0.02787398316,0.04096263612,0,0,42.79784946,153.2189344,CD34,C genes
T Cell Receptor Signaling Pathway (GO:0050852),1/95,0.02816699714,0.041036401,0,0,42.34042553,151.1385651,PTPRC,C genes
Positive Regulation Of Kinase Activity (GO:0033674),1/104,0.0308008129,0.04411302864,0,0,38.62330097,134.4173604,PTPRC,C genes
Positive Regulation Of Vasculature Development (GO:1904018),1/104,0.0308008129,0.04411302864,0,0,38.62330097,134.4173604,CD34,C genes
Negative Regulation Of MAPK Cascade (GO:0043409),1/105,0.03109309158,0.04415741577,0,0,38.25,132.756938,PTPRC,C genes
Cell-Matrix Adhesion (GO:0007160),1/109,0.03226147194,0.04543490632,0,0,36.82592593,126.4558687,CD34,C genes
T Cell Activation (GO:0042110),1/111,0.03284522172,0.04587473116,0,0,36.15272727,123.4958727,PTPRC,C genes
Regulation Of Protein Kinase Activity (GO:0045859),1/119,0.03517728755,0.0483330211,0,0,33.68813559,112.7661371,PTPRC,C genes
Positive Regulation Of Angiogenesis (GO:0045766),1/119,0.03517728755,0.0483330211,0,0,33.68813559,112.7661371,CD34,C genes
Protein Dephosphorylation (GO:0006470),1/124,0.03663244779,0.04992648126,0,0,32.31056911,106.8452646,PTPRC,C genes
Regulation Of Tumor Necrosis Factor Production (GO:0032680),1/127,0.03750466576,0.05070630811,0,0,31.53650794,103.543499,PTPRC,C genes
Positive Regulation Of Peptidyl-Tyrosine Phosphorylation (GO:0050731),1/130,0.0383762256,0.05147287402,0,0,30.79844961,100.412713,PTPRC,C genes
Regulation Of Gene Expression (GO:0010468),2/1127,0.04088858072,0.05441078852,0,0,8.386222222,26.80995118,PTPRC;CD34,C genes
Positive Regulation Of Protein Kinase Activity (GO:0045860),1/145,0.04272416653,0.05640925112,0,0,27.56944444,86.92619802,PTPRC,C genes
Dephosphorylation (GO:0016311),1/147,0.04330265225,0.05660964182,0,0,27.1890411,85.36111996,PTPRC,C genes
Defense Response To Symbiont (GO:0140546),1/148,0.04359178584,0.05660964182,0,0,27.00272109,84.59646156,PTPRC,C genes
Negative Regulation Of Protein Phosphorylation (GO:0001933),1/149,0.04388084662,0.05660964182,0,0,26.81891892,83.84337876,PTPRC,C genes
Epithelium Development (GO:0060429),1/154,0.04532505874,0.05802981005,0,0,25.93594771,80.24310482,CD34,C genes
Regulation Of Macromolecule Metabolic Process (GO:0060255),1/162,0.04763201687,0.06052489362,0,0,24.63726708,75.00200328,PTPRC,C genes
Regulation Of Cytokine Production (GO:0001817),1/167,0.04907150527,0.06179038748,0,0,23.88915663,72.01330731,PTPRC,C genes
Double-Strand Break Repair (GO:0006302),1/168,0.04935918527,0.06179038748,0,0,23.74491018,71.43968249,DNTT,C genes
Positive Regulation Of ERK1 And ERK2 Cascade (GO:0070374),1/179,0.0525188817,0.06526243387,0,0,22.26516854,65.60615648,PTPRC,C genes
Phosphate-Containing Compound Metabolic Process (GO:0006796),1/184,0.05395221154,0.06655418796,0,0,21.65136612,63.2145539,PTPRC,C genes
Negative Regulation Of Macromolecule Metabolic Process (GO:0010605),1/186,0.05452503732,0.06677341527,0,0,21.41513514,62.29866859,CD34,C genes
Defense Response To Virus (GO:0051607),1/189,0.05538373406,0.06733705796,0,0,21.07021277,60.96601457,PTPRC,C genes
Regulation Of MAPK Cascade (GO:0043408),1/204,0.05966747583,0.07185793949,0,0,19.49852217,54.96571395,PTPRC,C genes
Regulation Of Angiogenesis (GO:0045765),1/205,0.05995248206,0.07185793949,0,0,19.40196078,54.60105617,CD34,C genes
Apoptotic Process (GO:0006915),1/228,0.0664877861,0.07912982993,0,0,17.41585903,47.20981374,IL2RA,C genes
Inflammatory Response (GO:0006954),1/236,0.06875204126,0.0812524124,0,0,16.81617021,45.02107239,IL2RA,C genes
Regulation Of ERK1 And ERK2 Cascade (GO:0070372),1/244,0.07101171799,0.08334014125,0,0,16.25596708,42.99557596,PTPRC,C genes
Cytokine-Mediated Signaling Pathway (GO:0019221),1/257,0.07467394683,0.08703377251,0,0,15.4203125,40.00991318,IL2RA,C genes
Positive Regulation Of Signal Transduction (GO:0009967),1/266,0.07720228188,0.08907892541,0,0,14.88981132,38.13766481,PTPRC,C genes
Negative Regulation Of Signal Transduction (GO:0009968),1/267,0.07748285228,0.08907892541,0,0,14.83308271,37.93855529,PTPRC,C genes
Positive Regulation Of Cell Migration (GO:0030335),1/272,0.07888463821,0.09007772877,0,0,14.55571956,36.96816195,PTPRC,C genes
Positive Regulation Of Cell Differentiation (GO:0045597),1/283,0.08196232018,0.09296397389,0,0,13.98014184,34.97126397,CD34,C genes
DNA Metabolic Process (GO:0006259),1/288,0.08335843097,0.09391716557,0,0,13.73310105,34.12133871,DNTT,C genes
Regulation Of Cell Cycle (GO:0051726),1/298,0.0861453452,0.09641432675,0,0,13.26397306,32.5195394,PTPRC,C genes
Positive Regulation Of MAPK Cascade (GO:0043410),1/310,0.0894803184,0.09948798559,0,0,12.74110032,30.75365997,PTPRC,C genes
Positive Regulation Of Cytokine Production (GO:0001819),1/320,0.09225170965,0.1018446055,0,0,12.3354232,29.39820569,PTPRC,C genes
Organelle Assembly (GO:0070925),1/322,0.09280514347,0.1018446055,0,0,12.25732087,29.13875546,CD34,C genes
Negative Regulation Of Gene Expression (GO:0010629),1/336,0.09667131292,0.1054029154,0,0,11.73671642,27.42211705,CD34,C genes
Positive Regulation Of Macromolecule Metabolic Process (GO:0010604),1/364,0.1043624711,0.1130593437,0,0,10.81597796,24.44286787,CD34,C genes
Positive Regulation Of Protein Phosphorylation (GO:0001934),1/377,0.1079147711,0.1161630339,0,0,10.43510638,23.23286193,PTPRC,C genes
Negative Regulation Of Programmed Cell Death (GO:0043069),1/381,0.1090054214,0.1165944064,0,0,10.32315789,22.87981008,CD38,C genes
Negative Regulation Of Nucleic Acid-Templated Transcription (GO:1903507),1/456,0.1292503225,0.1373792736,0,0,8.588571429,17.57225382,CD38,C genes
Positive Regulation Of Gene Expression (GO:0010628),1/480,0.1356471406,0.1423397096,0,0,8.14822547,16.27769633,CD34,C genes
Negative Regulation Of Apoptotic Process (GO:0043066),1/482,0.1361784363,0.1423397096,0,0,8.113513514,16.1766358,CD38,C genes
Positive Regulation Of Cell Population Proliferation (GO:0008284),1/483,0.136443982,0.1423397096,0,0,8.09626556,16.1264748,PTPRC,C genes
Positive Regulation Of Intracellular Signal Transduction (GO:1902533),1/525,0.1475356457,0.1529664057,0,0,7.43129771,14.22116643,PTPRC,C genes
Positive Regulation Of Nucleic Acid-Templated Transcription (GO:1903508),1/557,0.1559065269,0.1606597747,0,0,6.992086331,12.99478292,CD38,C genes
Regulation Of Apoptotic Process (GO:0042981),1/705,0.1937364286,0.1984330693,0,0,5.480113636,8.994272997,CD38,C genes
Protein Modification Process (GO:0036211),1/711,0.1952397535,0.1987681827,0,0,5.432112676,8.873502564,PTPRC,C genes
Negative Regulation Of DNA-templated Transcription (GO:0045892),1/1025,0.2707215025,0.2739636762,0,0,3.705078125,4.841294621,CD38,C genes
Positive Regulation Of DNA-templated Transcription (GO:0045893),1/1243,0.3195769443,0.321479188,0,0,3.019645733,3.444682632,CD38,C genes
Regulation Of DNA-templated Transcription (GO:0006355),1/1922,0.4546338957,0.4546338957,0,0,1.881624154,1.483214341,CD38,C genes